/*
Navicat MySQL Data Transfer

Source Server         : localhost_3306
Source Server Version : 50637
Source Host           : 127.0.0.1:3306
Source Database       : test15373

Target Server Type    : MYSQL
Target Server Version : 50637
File Encoding         : 65001

Date: 2018-06-28 15:13:58
*/

SET FOREIGN_KEY_CHECKS=0;

-- ----------------------------
-- Table structure for bmi
-- ----------------------------
DROP TABLE IF EXISTS `bmi`;
CREATE TABLE `bmi` (
  `id` int(11) NOT NULL AUTO_INCREMENT,
  `date` datetime NOT NULL,
  `height` float NOT NULL,
  `weight` float NOT NULL,
  `bmi` float NOT NULL,
  `dream_weight` float NOT NULL,
  `sex` char(1) COLLATE utf8_bin NOT NULL,
  PRIMARY KEY (`id`)
) ENGINE=InnoDB AUTO_INCREMENT=54 DEFAULT CHARSET=utf8 COLLATE=utf8_bin;

-- ----------------------------
-- Records of bmi
-- ----------------------------
INSERT INTO `bmi` VALUES ('23', '2018-06-13 15:42:04', '172', '60', '20.2812', '65.0848', 'f');
INSERT INTO `bmi` VALUES ('26', '2018-06-13 15:44:08', '152', '43', '18.6115', '50.8288', 'm');
INSERT INTO `bmi` VALUES ('46', '2018-06-13 16:04:29', '152', '42.6', '18.4384', '50.8288', 'f');
INSERT INTO `bmi` VALUES ('48', '2018-06-13 21:06:49', '1', '1', '10000', '-89.1', 'm');
INSERT INTO `bmi` VALUES ('49', '2018-06-13 21:07:06', '172', '60', '20.28', '64.8', 'm');
INSERT INTO `bmi` VALUES ('50', '2018-06-13 21:09:38', '172', '60', '20.28', '64.8', 'f');
INSERT INTO `bmi` VALUES ('51', '2018-06-13 21:09:55', '172', '70', '23.66', '64.8', 'f');
INSERT INTO `bmi` VALUES ('52', '2018-06-14 09:27:01', '172', '60', '20.28', '64.8', 'm');
INSERT INTO `bmi` VALUES ('53', '2018-06-14 09:27:15', '172', '60', '20.28', '64.8', 'f');

-- ----------------------------
-- Table structure for excel
-- ----------------------------
DROP TABLE IF EXISTS `excel`;
CREATE TABLE `excel` (
  `excelid` bigint(20) NOT NULL AUTO_INCREMENT,
  `userid` bigint(20) DEFAULT NULL,
  `path` text COLLATE utf8_bin,
  `starttime` datetime DEFAULT NULL,
  `deadline` datetime DEFAULT NULL,
  `description` text COLLATE utf8_bin,
  `filename` text COLLATE utf8_bin,
  PRIMARY KEY (`excelid`),
  KEY `FK_Relationship_3` (`userid`),
  CONSTRAINT `FK_Relationship_3` FOREIGN KEY (`userid`) REFERENCES `user` (`userid`),
  CONSTRAINT `FKqxtfby1lchl9le1xdlw8hqweh` FOREIGN KEY (`userid`) REFERENCES `user` (`userid`)
) ENGINE=InnoDB AUTO_INCREMENT=27 DEFAULT CHARSET=utf8 COLLATE=utf8_bin;

-- ----------------------------
-- Records of excel
-- ----------------------------
INSERT INTO `excel` VALUES ('14', '4', 0x657863656C66696C65646174612F342F31345F3135333733E7949FE4BAA7E5AE9EE4B9A0E6848FE59091E8A1A82E786C73, '2018-05-21 20:05:00', '2018-05-23 12:05:00', '', 0x3135333733E7949FE4BAA7E5AE9EE4B9A0E6848FE59091E8A1A82E786C73);
INSERT INTO `excel` VALUES ('15', '4', 0x657863656C66696C65646174612F342F31355FE7BBBCE59088E8AFBEE7A88BE8AEBEE8AEA1E6848FE59091E8A1A82E786C7378, '2018-05-24 15:52:00', '2018-05-24 19:00:00', 0xE7BBBCE59088E8AFBEE7A88BE8AEBEE8AEA1E6848FE59091E8A1A8, 0xE7BBBCE59088E8AFBEE7A88BE8AEBEE8AEA1E6848FE59091E8A1A82E786C7378);
INSERT INTO `excel` VALUES ('16', '1', 0x657863656C66696C65646174612F312F31365FE8BEBEE58685E7A791E68A80E5AE9EE8AEADE5ADA6E59198E4BFA1E681AFE799BBE8AEB0E8A1A82E786C73, '2018-05-29 14:58:00', '2018-05-29 23:59:00', '', 0xE8BEBEE58685E7A791E68A80E5AE9EE8AEADE5ADA6E59198E4BFA1E681AFE799BBE8AEB0E8A1A82E786C73);
INSERT INTO `excel` VALUES ('19', '4', 0x657863656C66696C65646174612F342F31395FE4BD8FE5AEBFE4BABAE695B0E7BB9FE8AEA12D33E78FAD2E786C7378, '2018-05-31 23:00:00', '2018-06-01 12:00:00', '', 0xE4BD8FE5AEBFE4BABAE695B0E7BB9FE8AEA12D33E78FAD2E786C7378);
INSERT INTO `excel` VALUES ('21', '4', 0x657863656C66696C65646174612F342F32315FE9878DE5BA86E79086E5B7A5E5A4A7E5ADA6E7BD91E5B7A5E8AEA1E7A791E5B0B1E9A490E7BB9FE8AEA12E786C7378, '2018-06-06 21:33:00', '2018-06-07 00:00:00', '', 0xE9878DE5BA86E79086E5B7A5E5A4A7E5ADA6E7BD91E5B7A5E8AEA1E7A791E5B0B1E9A490E7BB9FE8AEA12E786C7378);
INSERT INTO `excel` VALUES ('23', '8', 0x657863656C66696C65646174612F382F32335FE8AEA1E7AE97E69CBAE5ADA6E999A2E5ADA6E7949FE88083E7A094E6848FE59091E8A1A82E786C73, '2018-06-08 17:02:00', '2018-06-08 20:02:00', 0xE88083E7A094E6848FE59091E8A1A8, 0xE8AEA1E7AE97E69CBAE5ADA6E999A2E5ADA6E7949FE88083E7A094E6848FE59091E8A1A82E786C73);
INSERT INTO `excel` VALUES ('26', '4', 0x657863656C66696C65646174612F342F32365FE99984E4BBB632EFBC9A323031382D32303139E5ADA6E5B9B4E5A4A7E5ADA6E7949FE58CBBE4BF9DE58F82E4BF9DE5ADA6E7949FE6B187E680BBE5908DE58D952E786C73, '2018-06-08 23:59:00', '2018-06-10 12:00:00', '', 0xE99984E4BBB632EFBC9A323031382D32303139E5ADA6E5B9B4E5A4A7E5ADA6E7949FE58CBBE4BF9DE58F82E4BF9DE5ADA6E7949FE6B187E680BBE5908DE58D952E786C73);

-- ----------------------------
-- Table structure for excelrecord
-- ----------------------------
DROP TABLE IF EXISTS `excelrecord`;
CREATE TABLE `excelrecord` (
  `recordid` bigint(20) NOT NULL AUTO_INCREMENT,
  `excelid` bigint(20) DEFAULT NULL,
  `userid` bigint(20) DEFAULT NULL,
  `record` text COLLATE utf8_bin NOT NULL,
  `time` datetime NOT NULL,
  PRIMARY KEY (`recordid`),
  KEY `FK_Relationship_1` (`userid`),
  KEY `FK_Relationship_2` (`excelid`),
  CONSTRAINT `FK_Relationship_1` FOREIGN KEY (`userid`) REFERENCES `user` (`userid`) ON DELETE SET NULL ON UPDATE SET NULL,
  CONSTRAINT `FK_Relationship_2` FOREIGN KEY (`excelid`) REFERENCES `excel` (`excelid`) ON DELETE SET NULL ON UPDATE SET NULL,
  CONSTRAINT `FKa32few592xmnxm2h8bduavv5m` FOREIGN KEY (`excelid`) REFERENCES `excel` (`excelid`),
  CONSTRAINT `FKl3say4xsf7899a7ajmauwbx2c` FOREIGN KEY (`userid`) REFERENCES `user` (`userid`)
) ENGINE=InnoDB AUTO_INCREMENT=157 DEFAULT CHARSET=utf8 COLLATE=utf8_bin;

-- ----------------------------
-- Records of excelrecord
-- ----------------------------
INSERT INTO `excelrecord` VALUES ('2', null, '1', 0x7B2230223A22E5BCA0E68CAFE696B9222C2231223A223131353033303730333033222C2232223A2231323238343336363137222C2233223A22313232383433363631374071712E636F6D222C2234223A223137383339393131393934222C2235223A22E9878DE5BA86E79086E5B7A5E5A4A7E5ADA6222C2236223A22E8AEA1E7AE97E69CBAE7A791E5ADA6E4B88EE5B7A5E7A88BE5ADA6E999A2222C2237223A22E8AEA1E7AE97E69CBAE7A791E5ADA6E4B88EE68A80E69CAF227D, '2018-05-11 12:23:48');
INSERT INTO `excelrecord` VALUES ('3', '14', '9', 0x7B2230223A223131353033303730333134222C2231223A22E5BB96E7A780E889B3222C2232223A223135383233313135343736222C2233223A2231353330353630323030222C2234223A22E5A5B3222C2235223A22353030323238313939363033303931383058222C2236223A2248544D4C352B4A6176614545222C2237223A22507974686F6E222C2238223A22227D, '2018-05-24 19:57:04');
INSERT INTO `excelrecord` VALUES ('4', '14', '36', 0x7B2230223A223131353033303730333036222C2231223A22E78E8BE59889E680A1222C2232223A223138383735323134373931222C2233223A22383132323431323730222C2234223A22E5A5B3222C2235223A22343630313033313939373132313531383239222C2236223A2248544D4C352B4A6176614545222C2237223A2248544D4C352B4A61766145452B4F7261636C65222C2238223A22227D, '2018-05-24 17:44:59');
INSERT INTO `excelrecord` VALUES ('5', '14', '39', 0x7B2230223A223131353033303730333130222C2231223A22E983ADE991AB222C2232223A223135313032333937333637222C2233223A22373139373739303337222C2234223A22E794B7222C2235223A22353030313036313939353131303938393132222C2236223A2248544D4C352B4A61766145452B4F7261636C65222C2237223A2248544D4C352B4A6176614545222C2238223A22227D, '2018-05-22 11:06:56');
INSERT INTO `excelrecord` VALUES ('6', '14', '43', 0x7B2230223A223131353033303730333137222C2231223A22E591A8E69DB0222C2232223A223138383735313631303431222C2233223A2231383433393432343138222C2234223A22E794B7222C2235223A22353030323232313939373034323831343158222C2236223A2248544D4C352B4A61766145452B4F7261636C65222C2237223A22E5BEAEE4BFA1E5B08FE7A88BE5BA8F222C2238223A22227D, '2018-05-22 11:06:06');
INSERT INTO `excelrecord` VALUES ('7', '14', '38', 0x7B2230223A223131353033303730333039222C2231223A22E894A1E69687E991AB222C2232223A223135313233343738313034222C2233223A22373134353837343338222C2234223A22E794B7222C2235223A22353030313031313939373033303539373133222C2236223A2248544D4C352B4A61766145452B4F7261636C65222C2237223A22E4BABAE5B7A5E699BAE883BDE5A4A7E695B0E68DAEE58886E69E90222C2238223A22227D, '2018-05-22 11:06:34');
INSERT INTO `excelrecord` VALUES ('8', '14', '2', 0x7B2230223A223131353033303730333133222C2231223A22E4BD95E6B4AAE78E89222C2232223A223138383735303532363836222C2233223A2232343237323034343130222C2234223A22E5A5B3222C2235223A22353030323231313939393039303835313235222C2236223A2248544D4C352B4A6176614545222C2237223A22E5BEAEE4BFA1E5B08FE7A88BE5BA8F222C2238223A22227D, '2018-05-21 21:59:54');
INSERT INTO `excelrecord` VALUES ('9', '14', '5', 0x7B2230223A223131353033303730333131222C2231223A22E79AAEE889B3E8908D222C2232223A223137333832323732373133222C2233223A2231363637363131353532222C2234223A22E5A5B3222C2235223A22353030323238313939373036323434353439222C2236223A2248544D4C2B4A6176614545222C2237223A22E5BEAEE4BFA1E5B08FE7A88BE5BA8F222C2238223A22227D, '2018-05-21 22:02:47');
INSERT INTO `excelrecord` VALUES ('10', '14', '1', 0x7B2230223A223131353033303730333033222C2231223A22E5BCA0E68CAFE696B9222C2232223A223137383339393131393934222C2233223A2231323238343336363137222C2234223A22E794B7222C2235223A22343130323231313939343131323132373131222C2236223A2248544D4C352B4A6176614545222C2237223A22E4BABAE5B7A5E699BAE883BDE5A4A7E695B0E68DAE222C2238223A22227D, '2018-05-23 11:14:50');
INSERT INTO `excelrecord` VALUES ('11', '14', '29', 0x7B2230223A223131353033303730333336222C2231223A22E78E8BE697AD222C2232223A223133353731363938393234222C2233223A2231303634303431393034222C2234223A22E794B7222C2235223A22363132333031313939373031303930333178222C2236223A2248544D4C352B4A61766145452B4F7261636C65222C2237223A22E5BEAEE4BFA1E5B08FE7A88BE5BA8F222C2238223A22227D, '2018-05-24 15:54:23');
INSERT INTO `excelrecord` VALUES ('12', null, '18', 0x7B2230223A22E794B0E5869B222C2231223A223131353033303730333235222C2232223A2231323830323536363332222C2233223A22313238303235363633324071712E636F6D222C2234223A223133363438323634313836222C2235223A22E9878DE5BA86E79086E5B7A5E5A4A7E5ADA6222C2236223A22E8AEA1E7AE97E69CBAE7A791E5ADA6E4B88EE5B7A5E7A88BE5ADA6E999A2222C2237223A22E8AEA1E7AE97E69CBAE7A791E5ADA6E4B88EE68A80E69CAF227D, '2018-05-21 22:22:14');
INSERT INTO `excelrecord` VALUES ('13', '14', '18', 0x7B2230223A223131353033303730333235222C2231223A22E794B0E5869B222C2232223A2231333638323634313836222C2233223A2231323830323536363332222C2234223A22E794B7222C2235223A22353030323432313939343130313836393733222C2236223A22707974686F6E222C2237223A2248544D4C352B4A61766145452B4F7261636C65222C2238223A22227D, '2018-05-21 22:31:52');
INSERT INTO `excelrecord` VALUES ('14', '14', '25', 0x7B2230223A223131353033303730333332222C2231223A22E883A1E698A5222C2232223A223138373136333834373331222C2233223A2231383038363534323738222C2234223A22E794B7222C2235223A22353030333832313939343132313636343338222C2236223A2248544D4C352B4A6176614545222C2237223A22E5BEAEE4BFA1E5B08FE7A88BE5BA8F222C2238223A22227D, '2018-05-24 16:04:13');
INSERT INTO `excelrecord` VALUES ('15', '14', '45', 0x7B2230223A223131353033303430333331222C2231223A22E69687E698BEE8839C222C2232223A223135323135323236313031222C2233223A2231323433363337353630222C2234223A22E794B7222C2235223A22353030313031313939363130313831393339222C2236223A22707974686F6E222C2237223A22E4BABAE5B7A5E699BAE883BDE5A4A7E695B0E68DAEE58886E69E90222C2238223A22E697A0227D, '2018-05-22 19:50:48');
INSERT INTO `excelrecord` VALUES ('16', '14', '23', 0x7B2230223A223131353033303730333330222C2231223A22E5BCA0E5AEB8E6BA90222C2232223A223138333233313539303739222C2233223A22353033303136363437222C2234223A22E794B7222C2235223A22333230323833313939363130313132323738222C2236223A22E4BABAE5B7A5E699BAE883BDE5A4A7E695B0E68DAEE58886E69E90222C2237223A22507974686F6E222C2238223A22227D, '2018-05-22 19:56:05');
INSERT INTO `excelrecord` VALUES ('17', '14', '31', 0x7B2230223A223131353033303730333339222C2231223A22E69E97E5B091E7919C222C2232223A223137333233393633363634222C2233223A22333332353437393630222C2234223A22E794B7222C2235223A22333530353231313939373032313335353137222C2236223A2248544D4C352B4A6176614545222C2237223A22507974686F6E222C2238223A22227D, '2018-05-22 21:07:10');
INSERT INTO `excelrecord` VALUES ('18', '14', '30', 0x7B2230223A223131353033303730333338222C2231223A22E8B0ADE4B8ADE6ADA3222C2232223A223137333233393634313736222C2233223A2231373839383033383337222C2234223A22E794B7222C2235223A22333732393236313939373130323932383130222C2236223A2248544D4C352B4A6176614545222C2237223A22E4BABAE5B7A5E699BAE883BDE5A4A7E695B0E68DAEE58886E69E90222C2238223A22227D, '2018-05-22 21:08:23');
INSERT INTO `excelrecord` VALUES ('19', '14', '28', 0x7B2230223A223131353033303730333335222C2231223A22E78E8BE685A2E685A2222C2232223A223138333233313432333937222C2233223A2231343532343130393235222C2234223A22E5A5B3222C2235223A22313330343331313939353031323131303232222C2236223A2248544D4C352B4A6176614545222C2237223A22E5BEAEE4BFA1E5B08FE7A88BE5BA8F222C2238223A22227D, '2018-05-23 10:59:37');
INSERT INTO `excelrecord` VALUES ('20', '14', '27', 0x7B2230223A223131353033303730333334222C2231223A22E78E8BE991ABE991AB222C2232223A223138373136373937353534222C2233223A2231393732353231343335222C2234223A22E5A5B3222C2235223A22353030323238313939363036323433373834222C2236223A22E5BEAEE4BFA1E5B08FE7A88BE5BA8F222C2237223A2248544D4C2B4A6176614545222C2238223A22227D, '2018-05-24 16:13:51');
INSERT INTO `excelrecord` VALUES ('21', '14', '20', 0x7B2230223A223131353033303730333237222C2231223A22E8B5B5E5B08FE9948B222C2232223A223135323133373835383338222C2233223A2231303833363638363931222C2234223A22E794B7222C2235223A22353030323433313939373038333031303533222C2236223A2248544D4C352B4A6176614545222C2237223A22E5BEAEE4BFA1E5B08FE7A88BE5BA8F222C2238223A22227D, '2018-05-22 21:20:36');
INSERT INTO `excelrecord` VALUES ('22', '14', '19', 0x7B2230223A223131353033303730333236222C2231223A22E5BCA0E9BA92E991AB222C2232223A223138383735323134363230222C2233223A22393531303432333739222C2234223A22E794B7222C2235223A22353030323432313939353131303333353338222C2236223A2248544D4C352B4A6176614545222C2237223A22E5BEAEE4BFA1E5B08FE7A88BE5BA8F222C2238223A22227D, '2018-05-22 21:22:16');
INSERT INTO `excelrecord` VALUES ('23', '14', '16', 0x7B2230223A223131353033303730333232222C2231223A22E5BCA0E6B885222C2232223A223133303638333738303133222C2233223A2231333339373530333538222C2234223A22E794B7222C2235223A22353030323335313939363132303537333931222C2236223A2248544D4C352B4A6176614545222C2237223A22E5BEAEE4BFA1E5B08FE7A88BE5BA8F222C2238223A22227D, '2018-05-22 22:41:08');
INSERT INTO `excelrecord` VALUES ('24', null, '37', 0x7B2230223A22E5BCA0E6B481222C2231223A223131353033303730333038222C2232223A22393136303634353534222C2233223A223931363036343535344071712E636F6D222C2234223A223135363833363632313432222C2235223A22E9878DE5BA86E79086E5B7A5E5A4A7E5ADA6222C2236223A22E8AEA1E7AE97E69CBAE7A791E5ADA6E4B88EE5B7A5E7A88BE5ADA6E999A2222C2237223A22E8AEA1E7AE97E69CBAE7A791E5ADA6E4B88EE68A80E69CAF227D, '2018-05-23 10:47:15');
INSERT INTO `excelrecord` VALUES ('25', '14', '37', 0x7B2230223A223131353033303730333038222C2231223A22E5BCA0E6B481222C2232223A223137363233343530333037222C2233223A22393136303634353534222C2234223A22E794B7222C2235223A22353030323231313939353038333031323337222C2236223A2268746D6C352B6A6176614545222C2237223A2268746D6C352B6A61766145452B6F7261636C65222C2238223A22227D, '2018-05-23 11:34:07');
INSERT INTO `excelrecord` VALUES ('26', '14', '3', 0x7B2230223A223131353033303730333337222C2231223A22E78E8BE59089E88BB1222C2232223A223138333233313633393232222C2233223A2231363634373835383035222C2234223A22E5A5B3222C2235223A22353232333237313939373037313730363258222C2236223A2248544D4C352B4A6176614545222C2237223A2248544D4C352B4A61766145452B4F7261636C65222C2238223A22227D, '2018-05-23 10:53:24');
INSERT INTO `excelrecord` VALUES ('27', '14', '17', 0x7B2230223A223131353033303730333233222C2231223A22E8A281E88A99E89389222C2232223A223135323233353735333836222C2233223A2232343634313034363230222C2234223A22E5A5B3222C2235223A22353030323337313939373036313034343632222C2236223A2248544D4C352B4A6176614545222C2237223A2248544D4C352B4A61766145452B4F7261636C65222C2238223A22227D, '2018-05-23 11:34:50');
INSERT INTO `excelrecord` VALUES ('28', '14', '22', 0x7B2230223A223131353033303730333239222C2231223A22E5BCA0E89393E895BE222C2232223A223137373239363934313734222C2233223A2232343637343730363639222C2234223A22E5A5B3222C2235223A22353130313331313939373035303734363236222C2236223A2248544D4C352B4A6176614545222C2237223A2248544D4C352B4A61766145452B4F7261636C65222C2238223A22227D, '2018-05-23 11:37:01');
INSERT INTO `excelrecord` VALUES ('29', null, '33', 0x7B2230223A22222C2231223A22222C2232223A22222C2233223A22222C2234223A22222C2235223A22222C2236223A22222C2237223A22227D, '2018-05-23 16:38:23');
INSERT INTO `excelrecord` VALUES ('30', '14', '44', 0x7B2230223A223131353033303730333230222C2231223A22E7A7A6E5AE87E888AA222C2232223A223135393233343934353936222C2233223A22373532333235343338222C2234223A22E794B7222C2235223A22353030323333313939373037323530333139222C2236223A2248544D4C352B4A6176614545222C2237223A22E5BEAEE4BFA1E5B08FE7A88BE5BA8F222C2238223A22227D, '2018-05-23 16:36:43');
INSERT INTO `excelrecord` VALUES ('31', '14', '33', 0x7B2230223A223131353033303730333031222C2231223A22E4BB98E78F8A222C2232223A223138373233363338383133222C2233223A22373932323438313033222C2234223A22E794B7222C2235223A22353030323335313939373031323433343739222C2236223A2248544D4C352B4A61766145452B4F7261636C65222C2237223A22507974686F6E222C2238223A22227D, '2018-05-23 16:37:58');
INSERT INTO `excelrecord` VALUES ('32', '14', '14', 0x7B2230223A223131353033303730333231222C2231223A22E99988E4BF8AE5AE87222C2232223A223135313233333738343439222C2233223A22373430333630333038222C2234223A22E794B7222C2235223A22353030323333313939363033303431333935222C2236223A2248544D4C352B4A6176614545222C2237223A22E5BEAEE4BFA1E5B08FE7A88BE5BA8F222C2238223A22227D, '2018-05-23 16:38:19');
INSERT INTO `excelrecord` VALUES ('33', '14', '72', 0x7B2230223A223131333033303730333035222C2231223A22E7868AE5A3AE222C2232223A223137373634383937383031222C2233223A2231303533393337383130222C2234223A22E794B7222C2235223A22353030323238313939353037303236383732222C2236223A2248544D4C352B4A6176614545222C2237223A22E5BEAEE4BFA1E5B08FE7A88BE5BA8F222C2238223A22227D, '2018-05-23 18:30:33');
INSERT INTO `excelrecord` VALUES ('34', '14', '42', 0x7B2230223A223131353033303730333035222C2231223A22E8B5B5E69880E5BAB7222C2232223A223137333233393630343731222C2233223A2232343235333239313530222C2234223A22E794B7222C2235223A22333630373330313939373035333030303338222C2236223A22E5BEAEE4BFA1E5B08FE7A88BE5BA8F222C2237223A22507974686F6E222C2238223A22227D, '2018-05-24 19:54:10');
INSERT INTO `excelrecord` VALUES ('35', '14', '41', 0x7B2230223A223131343033303730333332222C2231223A22E69CB1E59DA4222C2232223A223135393039333137363537222C2233223A22383637353534313530222C2234223A22E794B7222C2235223A22333432343235313939363031303133313135222C2236223A2248544D4C352B4A6176614545222C2237223A22507974686F6E222C2238223A22227D, '2018-05-24 20:01:47');
INSERT INTO `excelrecord` VALUES ('36', '15', '5', 0x7B2230223A223131353033303730333131222C2231223A22E79AAEE889B3E8908D222C2232223A22E98089E68BA9222C2233223A22227D, '2018-05-24 15:56:08');
INSERT INTO `excelrecord` VALUES ('37', '15', '11', 0x7B2230223A223131353033303730333135222C2231223A22E5B0B9E5B08FE88AB3222C2232223A22E98089E68BA9222C2233223A22227D, '2018-05-24 15:56:54');
INSERT INTO `excelrecord` VALUES ('38', '15', '29', 0x7B2230223A223131353033303730333336222C2231223A22E78E8BE697AD222C2232223A22222C2233223A22E695B0E5AD97E59BBEE5838FE696B9E59091227D, '2018-05-24 16:01:53');
INSERT INTO `excelrecord` VALUES ('39', '15', '37', 0x7B2230223A223131353033303730333038222C2231223A22E5BCA0E6B481222C2232223A22E98089E68BA9222C2233223A22227D, '2018-05-24 16:03:00');
INSERT INTO `excelrecord` VALUES ('40', '15', '25', 0x7B2230223A223131353033303730333332222C2231223A22E883A1E698A5222C2232223A22E98089E68BA9222C2233223A22227D, '2018-05-24 16:03:56');
INSERT INTO `excelrecord` VALUES ('41', '15', '39', 0x7B2230223A223131353033303730333130222C2231223A22E983ADE991AB222C2232223A22E7A7BBE58AA8E696B9E59091222C2233223A22227D, '2018-05-24 16:07:01');
INSERT INTO `excelrecord` VALUES ('42', '14', '26', 0x7B2230223A223131353033303730333333222C2231223A22E5BAB7E587AFE5AE81222C2232223A223133333737303039333037222C2233223A22343936323130363737222C2234223A22E794B7222C2235223A22343530313034313939363130303332303134222C2236223A22507974686F6E222C2237223A2248544D4C352B4A61766145452B4F7261636C65222C2238223A22227D, '2018-05-24 16:07:16');
INSERT INTO `excelrecord` VALUES ('43', '15', '26', 0x7B2230223A223131353033303730333333222C2231223A22E5BAB7E587AFE5AE81222C2232223A22E98089E68BA9222C2233223A22227D, '2018-05-24 16:07:45');
INSERT INTO `excelrecord` VALUES ('44', '15', '27', 0x7B2230223A223131353033303730333334222C2231223A22E78E8BE991ABE991AB222C2232223A22E7A7BBE58AA8E696B9E59091222C2233223A22227D, '2018-05-24 16:11:32');
INSERT INTO `excelrecord` VALUES ('45', '15', '20', 0x7B2230223A223131353033303730333237222C2231223A22E8B5B5E5B08FE9948B222C2232223A22E98089E68BA9222C2233223A22227D, '2018-05-24 20:01:15');
INSERT INTO `excelrecord` VALUES ('46', '15', '2', 0x7B2230223A223131353033303730333133222C2231223A22E4BD95E6B4AAE78E89222C2232223A22E98089E68BA9222C2233223A22227D, '2018-05-24 16:11:55');
INSERT INTO `excelrecord` VALUES ('47', '15', '16', 0x7B2230223A223131353033303730333232222C2231223A22E5BCA0E6B885222C2232223A22E7A7BBE58AA8E696B9E59091222C2233223A22227D, '2018-05-24 16:12:12');
INSERT INTO `excelrecord` VALUES ('48', '15', '28', 0x7B2230223A223131353033303730333335222C2231223A22E78E8BE685A2E685A2222C2232223A22222C2233223A22E695B0E5AD97E59BBEE5838FE696B9E59091227D, '2018-05-24 16:12:45');
INSERT INTO `excelrecord` VALUES ('49', '15', '38', 0x7B2230223A223131353033303730333039222C2231223A22E894A1E69687E991AB222C2232223A22E7A7BBE58AA8E696B9E59091222C2233223A22227D, '2018-05-24 16:15:45');
INSERT INTO `excelrecord` VALUES ('50', '15', '43', 0x7B2230223A223131353033303730333137222C2231223A22E591A8E69DB0222C2232223A22E98089E68BA9222C2233223A22227D, '2018-05-24 16:17:11');
INSERT INTO `excelrecord` VALUES ('51', '15', '9', 0x7B2230223A223131353033303730333134222C2231223A22E5BB96E7A780E889B3222C2232223A22E98089E68BA9222C2233223A22227D, '2018-05-24 19:57:18');
INSERT INTO `excelrecord` VALUES ('52', '15', '3', 0x7B2230223A223131353033303730333337222C2231223A22E78E8BE59089E88BB1222C2232223A22222C2233223A22E98089E68BA9227D, '2018-05-24 17:04:25');
INSERT INTO `excelrecord` VALUES ('53', '15', '36', 0x7B2230223A223131353033303730333036222C2231223A22E78E8BE59889E680A1222C2232223A22E98089E68BA9222C2233223A22227D, '2018-05-24 17:15:23');
INSERT INTO `excelrecord` VALUES ('54', '15', '42', 0x7B2230223A223131353033303730333035222C2231223A22E8B5B5E69880E5BAB7222C2232223A22E698AF222C2233223A22E590A6227D, '2018-05-24 17:26:03');
INSERT INTO `excelrecord` VALUES ('55', '15', '19', 0x7B2230223A223131353033303730333236222C2231223A22E5BCA0E9BA92E991AB222C2232223A22E98089E68BA9222C2233223A22227D, '2018-05-24 17:34:57');
INSERT INTO `excelrecord` VALUES ('56', '15', '31', 0x7B2230223A223131353033303730333339222C2231223A22E69E97E5B091E7919C222C2232223A2231222C2233223A22227D, '2018-05-24 18:03:19');
INSERT INTO `excelrecord` VALUES ('57', '15', '30', 0x7B2230223A223131353033303730333338222C2231223A22E8B0ADE4B8ADE6ADA3222C2232223A22222C2233223A22E98089E68BA9227D, '2018-05-24 17:53:24');
INSERT INTO `excelrecord` VALUES ('58', '15', '45', 0x7B2230223A223131353033303730333331222C2231223A22E69687E698BEE8839C222C2232223A22222C2233223A2279227D, '2018-05-24 17:56:24');
INSERT INTO `excelrecord` VALUES ('59', '14', '21', 0x7B2230223A223131353033303730333238222C2231223A22E58898E4B880E88FA0222C2232223A223138393038333931313631222C2233223A2231323931323830363232222C2234223A22E794B7222C2235223A22353330353234313939363032303531323132222C2236223A2248544D4C352B4A6176614545222C2237223A22E4BABAE5B7A5E699BAE883BDE5A4A7E695B0E68DAEE58886E69E90222C2238223A22227D, '2018-05-24 18:04:02');
INSERT INTO `excelrecord` VALUES ('60', '15', '21', 0x7B2230223A223131353033303730333238222C2231223A22E58898E4B880E88FA0222C2232223A22E98089E68BA9222C2233223A22227D, '2018-05-24 18:04:39');
INSERT INTO `excelrecord` VALUES ('61', '15', '34', 0x7B2230223A223131353033303730333032222C2231223A22E5B0B9E7A58EE5A083222C2232223A22E98089E68BA9222C2233223A22227D, '2018-05-24 18:06:09');
INSERT INTO `excelrecord` VALUES ('62', '14', '34', 0x7B2230223A223131353033303730333032222C2231223A22E5B0B9E7A58EE5A083222C2232223A223137363233353936363437222C2233223A2232353031343638393434222C2234223A22E794B7222C2235223A22343131303831313939373130303236333558222C2236223A2248544D4C352B4A6176614545222C2237223A2248544D4C352B4A61766145452B4F7261636C65222C2238223A22227D, '2018-05-24 18:07:24');
INSERT INTO `excelrecord` VALUES ('63', '15', '18', 0x7B2230223A223131353033303730333235222C2231223A22E794B0E5869B222C2232223A22222C2233223A22E98089E68BA9227D, '2018-05-24 18:49:35');
INSERT INTO `excelrecord` VALUES ('64', '15', '40', 0x7B2230223A223131353033303730333132222C2231223A22E6B4AAE6B89DE6B69B222C2232223A22E98089E68BA9222C2233223A22227D, '2018-05-24 18:34:56');
INSERT INTO `excelrecord` VALUES ('65', '14', '40', 0x7B2230223A223131353033303730333132222C2231223A22E6B4AAE6B89DE6B69B222C2232223A223135383233303737353138222C2233223A22222C2234223A22222C2235223A22222C2236223A22222C2237223A22222C2238223A22E998BFE9878CE5AE9EE4B9A0227D, '2018-05-24 18:36:53');
INSERT INTO `excelrecord` VALUES ('66', '15', '1', 0x7B2230223A223131353033303730333033222C2231223A22E5BCA0E68CAFE696B9222C2232223A22222C2233223A22E98089E68BA9227D, '2018-06-19 09:17:15');
INSERT INTO `excelrecord` VALUES ('67', '14', '4', 0x7B2230223A223131353033303730333234222C2231223A22E98293E88AAE222C2232223A223133383936383433313032222C2233223A22323931383435343434222C2234223A22E5A5B3222C2235223A22353030323339313939353039303738353238222C2236223A2248544D4C352B4A6176614545222C2237223A2248544D4C352B4A61766145452B4F7261636C65222C2238223A22227D, '2018-05-24 19:50:00');
INSERT INTO `excelrecord` VALUES ('68', '15', '4', 0x7B2230223A223131353033303730333234222C2231223A22E98293E88AAE222C2232223A22222C2233223A22E98089E68BA9227D, '2018-05-24 19:55:35');
INSERT INTO `excelrecord` VALUES ('69', '15', '8', 0x7B2230223A223131353033303730333136222C2231223A22E69D8EE6958F222C2232223A22E698AF222C2233223A22227D, '2018-05-24 19:57:36');
INSERT INTO `excelrecord` VALUES ('70', '15', '17', 0x7B2230223A223131353033303730333233222C2231223A22E8A281E88A99E89389222C2232223A22222C2233223A22E98089E68BA9227D, '2018-05-24 19:59:37');
INSERT INTO `excelrecord` VALUES ('71', '15', '23', 0x7B2230223A223131353033303730333330222C2231223A22E5BCA0E5AEB8E6BA90222C2232223A22222C2233223A22E98089E68BA9227D, '2018-05-24 20:00:00');
INSERT INTO `excelrecord` VALUES ('72', '15', '22', 0x7B2230223A223131353033303730333239222C2231223A22E5BCA0E89393E895BE222C2232223A22222C2233223A22E98089E68BA9227D, '2018-05-24 20:01:00');
INSERT INTO `excelrecord` VALUES ('73', '15', '44', 0x7B2230223A223131353033303730333230222C2231223A22E7A7A6E5AE87E888AA222C2232223A22222C2233223A22E695B0E5AD97E59BBEE5838FE5A484E79086227D, '2018-05-24 20:01:36');
INSERT INTO `excelrecord` VALUES ('74', '15', '14', 0x7B2230223A223131353033303730333231222C2231223A22E99988E4BF8AE5AE87222C2232223A22222C2233223A22E695B0E5AD97E59BBEE5838FE5A484E79086227D, '2018-05-24 20:02:28');
INSERT INTO `excelrecord` VALUES ('75', '15', '33', 0x7B2230223A223131353033303730333031222C2231223A22E4BB98E78F8A222C2232223A22E98089E68BA9222C2233223A22227D, '2018-05-24 20:05:00');
INSERT INTO `excelrecord` VALUES ('76', '15', '72', 0x7B2230223A223131333033303730333035222C2231223A22E7868AE5A3AE222C2232223A22E698AF222C2233223A22227D, '2018-05-24 20:07:27');
INSERT INTO `excelrecord` VALUES ('77', '14', '13', 0x7B2230223A223131353033303730333138222C2231223A22E5BCA0E6A183222C2232223A223137383233303838393732222C2233223A22353834363034363835222C2234223A22E794B7222C2235223A22353030323334313939363130303538303935222C2236223A2248544D4C352B4A6176614545222C2237223A22E4BABAE5B7A5E699BAE883BDE5A4A7E695B0E68DAEE58886E69E90222C2238223A22227D, '2018-05-24 20:20:03');
INSERT INTO `excelrecord` VALUES ('78', '16', '18', 0x7B2230223A22E794B0E5869B222C2231223A22E794B7222C2232223A223131353033303730333235222C2233223A2231323830323536363332222C2234223A223133363438323634313836222C2235223A22E794B0E699AFE6ADA6222C2236223A223138303038333436393133227D, '2018-05-29 16:24:35');
INSERT INTO `excelrecord` VALUES ('79', '16', '26', 0x7B2230223A22E5BAB7E587AFE5AE81222C2231223A22E794B7222C2232223A223135333733222C2233223A22343936323130363737222C2234223A223137333233393633303335222C2235223A22E5BAB7E6968C222C2236223A223138393737303937393033227D, '2018-05-29 16:37:26');
INSERT INTO `excelrecord` VALUES ('80', '16', '23', 0x7B2230223A22E5BCA0E5AEB8E6BA90222C2231223A22E794B7222C2232223A22E8AEA1E7A79133E78FAD222C2233223A22353033303136363437222C2234223A223138333233313539303739222C2235223A22E9AB98E99D99E78FA0222C2236223A223133363031353138353937227D, '2018-05-29 17:36:16');
INSERT INTO `excelrecord` VALUES ('81', '16', '45', 0x7B2230223A22E69687E698BEE8839C222C2231223A22E794B7222C2232223A2233E78FAD222C2233223A2231323433363337353630222C2234223A223135323135323236313031222C2235223A22E69687E6988EE6B5B7222C2236223A223135303233383432393738227D, '2018-05-29 19:42:44');
INSERT INTO `excelrecord` VALUES ('82', '16', '38', 0x7B2230223A22E894A1E69687E991AB222C2231223A22E794B7222C2232223A22333733222C2233223A22373134353837343338222C2234223A223135313233343738313034222C2235223A22E5AE8BE69DA5E88BB1222C2236223A223133383936323338383530227D, '2018-05-29 19:50:25');
INSERT INTO `excelrecord` VALUES ('83', null, '30', 0x7B2230223A22222C2231223A22E8B0ADE4B8ADE6ADA3222C2232223A223131353033303730333338222C2233223A2231373839383033383337222C2234223A223137333233393634313736222C2235223A22222C2236223A22E2889A227D, '2018-05-31 15:15:23');
INSERT INTO `excelrecord` VALUES ('84', null, '17', 0x7B2230223A2231222C2231223A22E8A281E88A99E89389222C2232223A223131353033303730333233222C2233223A2232343634313034363230222C2234223A223135323233353735333836222C2235223A22222C2236223A22E29C94227D, '2018-05-31 15:19:39');
INSERT INTO `excelrecord` VALUES ('86', '19', '22', 0x7B2230223A22222C2231223A22E5BCA0E89393E895BE222C2232223A223131353033303730333239222C2233223A2232343637343730363639222C2234223A223137373239363934313734222C2235223A22222C2236223A22E2889A227D, '2018-05-31 15:40:37');
INSERT INTO `excelrecord` VALUES ('87', '19', '39', 0x7B2230223A223634222C2231223A22E983ADE991AB222C2232223A223131353033303730333130222C2233223A22373139373739303337222C2234223A223135313032333937333637222C2235223A22222C2236223A22E58BBE227D, '2018-05-31 15:41:47');
INSERT INTO `excelrecord` VALUES ('88', '19', '30', 0x7B2230223A22222C2231223A22E8B0ADE4B8ADE6ADA3222C2232223A223131353033303730333338222C2233223A2231373839383033383337222C2234223A223137333233393634313736222C2235223A22222C2236223A22E2889A227D, '2018-05-31 15:43:27');
INSERT INTO `excelrecord` VALUES ('89', '19', '28', 0x7B2230223A2231222C2231223A22E78E8BE685A2E685A2222C2232223A223131353033303730333335222C2233223A2231343532343130393235222C2234223A223138333233313432333937222C2235223A22222C2236223A22E2889A227D, '2018-05-31 15:48:10');
INSERT INTO `excelrecord` VALUES ('90', '19', '9', 0x7B2230223A223134222C2231223A22E5BB96E7A780E889B3222C2232223A223131353033303730333134222C2233223A2231353330353630323030222C2234223A223135383233313135343736222C2235223A22222C2236223A22E2889A227D, '2018-05-31 15:49:23');
INSERT INTO `excelrecord` VALUES ('91', '19', '17', 0x7B2230223A2231222C2231223A22E8A281E88A99E89389222C2232223A223131353033303730333233222C2233223A2232343634313034363230222C2234223A223135323233353735333836222C2235223A22222C2236223A22E2889A227D, '2018-05-31 15:51:19');
INSERT INTO `excelrecord` VALUES ('92', '19', '20', 0x7B2230223A22222C2231223A22E8B5B5E5B08FE9948B222C2232223A223131353033303730333237222C2233223A2231303833363638363931222C2234223A223135323133373835383338222C2235223A22222C2236223A22E2889A227D, '2018-05-31 15:52:23');
INSERT INTO `excelrecord` VALUES ('93', '19', '1', 0x7B2230223A2231222C2231223A22E5BCA0E68CAFE696B9222C2232223A223131353033303730333033222C2233223A2231323238343336363137222C2234223A223137383339393131393934222C2235223A22222C2236223A22E2889A227D, '2018-05-31 18:49:20');
INSERT INTO `excelrecord` VALUES ('94', '19', '19', 0x7B2230223A22222C2231223A22E5BCA0E9BA92E991AB222C2232223A223131353033303730333236222C2233223A22393531303432333739222C2234223A223138383735323134363230222C2235223A22222C2236223A22E2889A227D, '2018-05-31 15:58:32');
INSERT INTO `excelrecord` VALUES ('95', '19', '11', 0x7B2230223A2231222C2231223A22E5B0B9E5B08FE88AB3222C2232223A223131353033303730333135222C2233223A22323438353234343236222C2234223A223135313233343437363434222C2235223A22222C2236223A22E2889A227D, '2018-05-31 16:05:34');
INSERT INTO `excelrecord` VALUES ('96', '19', '33', 0x7B2230223A22222C2231223A22E4BB98E78F8A222C2232223A223131353033303730333031222C2233223A22373932323438313033222C2234223A223138373233363338383133222C2235223A22222C2236223A22E2889A227D, '2018-05-31 16:11:28');
INSERT INTO `excelrecord` VALUES ('97', '19', '14', 0x7B2230223A223335222C2231223A22E99988E4BF8AE5AE87222C2232223A223131353033303730333231222C2233223A22373430333630333038222C2234223A223135313233333738343439222C2235223A22222C2236223A22E2889A227D, '2018-05-31 16:19:08');
INSERT INTO `excelrecord` VALUES ('98', '19', '72', 0x7B2230223A22E5BA8FE58FB7E5A1ABE4BB80E4B988222C2231223A22E7868AE5A3AE222C2232223A223131333033303730333035222C2233223A2231303533393337383130222C2234223A223137373634383937383031222C2235223A22222C2236223A22E2889A227D, '2018-05-31 16:38:40');
INSERT INTO `excelrecord` VALUES ('99', '19', '16', 0x7B2230223A22222C2231223A22E5BCA0E6B885222C2232223A223131353033303730333232222C2233223A2231333339373530333538222C2234223A223133303638333738303133222C2235223A22222C2236223A22E2889A227D, '2018-05-31 16:39:04');
INSERT INTO `excelrecord` VALUES ('100', '19', '34', 0x7B2230223A223238222C2231223A22E5B0B9E7A58EE5A083222C2232223A223131353033303730333032222C2233223A2232353031343638393434222C2234223A223137363233353936363437222C2235223A22222C2236223A22E2889A227D, '2018-05-31 16:41:11');
INSERT INTO `excelrecord` VALUES ('101', '19', '31', 0x7B2230223A22222C2231223A22E69E97E5B091E7919C222C2232223A223131353033303730333339222C2233223A22333332353437393630222C2234223A223137333233393633363634222C2235223A22222C2236223A22E2889A227D, '2018-05-31 17:07:10');
INSERT INTO `excelrecord` VALUES ('102', '19', '2', 0x7B2230223A2231222C2231223A22E4BD95E6B4AAE78E89222C2232223A223131353033303730333133222C2233223A22323237323034343130222C2234223A223137333832323732343633222C2235223A22222C2236223A22E2889A227D, '2018-05-31 17:19:38');
INSERT INTO `excelrecord` VALUES ('103', '19', '41', 0x7B2230223A22222C2231223A22E69CB1E59DA4222C2232223A223131343033303730333332222C2233223A22383637353534313530222C2234223A223135393039333137363537222C2235223A22222C2236223A22E2889A227D, '2018-05-31 17:21:15');
INSERT INTO `excelrecord` VALUES ('104', '19', '44', 0x7B2230223A223334222C2231223A22E7A7A6E5AE87E888AA222C2232223A223131353033303730333230222C2233223A22373532333235343338222C2234223A223135393233343934353936222C2235223A22222C2236223A22E2889A227D, '2018-05-31 18:44:24');
INSERT INTO `excelrecord` VALUES ('105', '19', '36', 0x7B2230223A22222C2231223A22E78E8BE59889E680A1222C2232223A223131353033303730333036222C2233223A22383132323431323730222C2234223A223138383735323134373931222C2235223A22222C2236223A22E2889A227D, '2018-05-31 18:45:19');
INSERT INTO `excelrecord` VALUES ('106', '19', '3', 0x7B2230223A223337222C2231223A22E78E8BE59089E88BB1222C2232223A223131353033303730333337222C2233223A2231363634373835383035222C2234223A223138333233313633393232222C2235223A22222C2236223A22E2889A227D, '2018-05-31 18:56:21');
INSERT INTO `excelrecord` VALUES ('107', '19', '8', 0x7B2230223A22222C2231223A22E69D8EE6958F222C2232223A223131353033303730333136222C2233223A2231343332383836313532222C2234223A223135363833363532313432222C2235223A22222C2236223A22E2889A227D, '2018-05-31 19:16:17');
INSERT INTO `excelrecord` VALUES ('108', '19', '5', 0x7B2230223A22222C2231223A22E79AAEE889B3E8908D222C2232223A223131353033303730333131222C2233223A2231363637363131353532222C2234223A223138323233373532353734222C2235223A22222C2236223A22E2889A227D, '2018-05-31 19:52:53');
INSERT INTO `excelrecord` VALUES ('109', '19', '4', 0x7B2230223A22222C2231223A22E98293E88AAE222C2232223A223131353033303730333234222C2233223A22323931383435343434222C2234223A223133383936383433313032222C2235223A22222C2236223A22227D, '2018-05-31 21:36:07');
INSERT INTO `excelrecord` VALUES ('110', '19', '37', 0x7B2230223A22222C2231223A22E5BCA0E6B481222C2232223A223131353033303730333038222C2233223A22393136303634353534222C2234223A223137363233343530333037222C2235223A22222C2236223A22E2889A227D, '2018-05-31 21:39:56');
INSERT INTO `excelrecord` VALUES ('111', '19', '25', 0x7B2230223A22222C2231223A22E883A1E698A5222C2232223A223131353033303730333332222C2233223A2231383038363534323738222C2234223A223138373136333834373331222C2235223A22222C2236223A22E2889A227D, '2018-05-31 21:42:53');
INSERT INTO `excelrecord` VALUES ('112', '19', '18', 0x7B2230223A22222C2231223A22E794B0E5869B222C2232223A223131353033303730333235222C2233223A2231323830323536363332222C2234223A223133363438323634313836222C2235223A22222C2236223A2231227D, '2018-05-31 21:50:23');
INSERT INTO `excelrecord` VALUES ('113', '19', '21', 0x7B2230223A22222C2231223A22E58898E4B880E88FA0222C2232223A223131353033303730333238222C2233223A2231323931323830363232222C2234223A223138393038333931313631222C2235223A22222C2236223A22E2889A227D, '2018-05-31 21:54:38');
INSERT INTO `excelrecord` VALUES ('114', '21', '2', 0x7B2230223A223131353033303730333133222C2231223A22E4BD95E6B4AAE78E89222C2232223A22E2889A222C2233223A22227D, '2018-06-06 22:01:29');
INSERT INTO `excelrecord` VALUES ('115', '21', '28', 0x7B2230223A223131353033303730333335222C2231223A22E78E8BE685A2E685A2222C2232223A22222C2233223A22E696B9E6A188E4BA8C227D, '2018-06-06 22:22:33');
INSERT INTO `excelrecord` VALUES ('116', '21', '36', 0x7B2230223A223131353033303730333036222C2231223A22E78E8BE59889E680A1222C2232223A22222C2233223A22E2889A227D, '2018-06-06 22:34:43');
INSERT INTO `excelrecord` VALUES ('117', '21', '3', 0x7B2230223A223131353033303730333337222C2231223A22E78E8BE59089E88BB1222C2232223A22222C2233223A22E2889A227D, '2018-06-06 22:47:34');
INSERT INTO `excelrecord` VALUES ('118', '21', '1', 0x7B2230223A223131353033303730333033222C2231223A22E5BCA0E68CAFE696B9222C2232223A22E2889A222C2233223A22227D, '2018-06-06 23:37:16');
INSERT INTO `excelrecord` VALUES ('119', '21', '5', 0x7B2230223A223131353033303730333131222C2231223A22E79AAEE889B3E8908D222C2232223A22E98089E68BA9222C2233223A22227D, '2018-06-07 10:58:15');
INSERT INTO `excelrecord` VALUES ('120', '21', '34', 0x7B2230223A223131353033303730333032222C2231223A22E5B0B9E7A58EE5A083222C2232223A22222C2233223A22E2889A227D, '2018-06-07 11:31:40');
INSERT INTO `excelrecord` VALUES ('121', '21', '4', 0x7B2230223A223131353033303730333234222C2231223A22E98293E88AAE222C2232223A22E2889A222C2233223A22227D, '2018-06-07 11:43:44');
INSERT INTO `excelrecord` VALUES ('122', '21', '20', 0x7B2230223A223131353033303730333237222C2231223A22E8B5B5E5B08FE9948B222C2232223A22E2889A222C2233223A22227D, '2018-06-07 11:49:39');
INSERT INTO `excelrecord` VALUES ('123', '21', '8', 0x7B2230223A223131353033303730333136222C2231223A22E69D8EE6958F222C2232223A22E2889A222C2233223A22227D, '2018-06-07 11:50:29');
INSERT INTO `excelrecord` VALUES ('124', '21', '31', 0x7B2230223A223131353033303730333339222C2231223A22E69E97E5B091E7919C222C2232223A22E2889A222C2233223A22227D, '2018-06-07 11:52:46');
INSERT INTO `excelrecord` VALUES ('125', '21', '33', 0x7B2230223A223131353033303730333031222C2231223A22E4BB98E78F8A222C2232223A22E2889A222C2233223A22227D, '2018-06-07 11:53:19');
INSERT INTO `excelrecord` VALUES ('126', '21', '41', 0x7B2230223A223131343033303730333332222C2231223A22E69CB1E59DA4222C2232223A22E2889A222C2233223A22227D, '2018-06-07 11:53:47');
INSERT INTO `excelrecord` VALUES ('127', '21', '30', 0x7B2230223A223131353033303730333338222C2231223A22E8B0ADE4B8ADE6ADA3222C2232223A22E29C94EFB88F222C2233223A22227D, '2018-06-07 11:54:39');
INSERT INTO `excelrecord` VALUES ('128', '21', '25', 0x7B2230223A223131353033303730333332222C2231223A22E883A1E698A5222C2232223A22E2889A222C2233223A22227D, '2018-06-07 11:57:45');
INSERT INTO `excelrecord` VALUES ('129', '21', '17', 0x7B2230223A223131353033303730333233222C2231223A22E8A281E88A99E89389222C2232223A22E2889A222C2233223A22227D, '2018-06-07 12:11:44');
INSERT INTO `excelrecord` VALUES ('130', '21', '22', 0x7B2230223A223131353033303730333239222C2231223A22E5BCA0E89393E895BE222C2232223A22E2889A222C2233223A22227D, '2018-06-07 12:12:24');
INSERT INTO `excelrecord` VALUES ('131', '21', '21', 0x7B2230223A223131353033303730333238222C2231223A22E58898E4B880E88FA0222C2232223A22E2889A222C2233223A22227D, '2018-06-07 12:24:08');
INSERT INTO `excelrecord` VALUES ('132', '21', '11', 0x7B2230223A223131353033303730333135222C2231223A22E5B0B9E5B08FE88AB3222C2232223A22E2889A222C2233223A22227D, '2018-06-07 12:29:34');
INSERT INTO `excelrecord` VALUES ('133', '21', '37', 0x7B2230223A223131353033303730333038222C2231223A22E5BCA0E6B481222C2232223A22E2889A222C2233223A22227D, '2018-06-07 12:32:42');
INSERT INTO `excelrecord` VALUES ('134', '21', '9', 0x7B2230223A223131353033303730333134222C2231223A22E5BB96E7A780E889B3222C2232223A2256222C2233223A22227D, '2018-06-07 12:33:25');
INSERT INTO `excelrecord` VALUES ('135', '23', '42', 0x7B2230223A223131353033303730333035222C2231223A22E8B5B5E69880E5BAB7222C2232223A2232343235333239313530222C2233223A223137333233393630343731227D, '2018-06-08 17:07:43');
INSERT INTO `excelrecord` VALUES ('136', '23', '30', 0x7B2230223A223131353033303730333338222C2231223A22E8B0ADE4B8ADE6ADA3222C2232223A2231373839383033383337222C2233223A223137333233393634313736227D, '2018-06-08 22:01:26');
INSERT INTO `excelrecord` VALUES ('137', '23', '23', 0x7B2230223A223131353033303730333330222C2231223A22E5BCA0E5AEB8E6BA90222C2232223A22353033303136363437222C2233223A223138333233313539303739227D, '2018-06-08 19:04:44');
INSERT INTO `excelrecord` VALUES ('138', '23', '29', 0x7B2230223A223131353033303730333336222C2231223A22E78E8BE697AD222C2232223A2231303634303431393034222C2233223A223133353731363938393234227D, '2018-06-08 22:02:58');
INSERT INTO `excelrecord` VALUES ('139', '26', '37', 0x7B2230223A22E69CACE983A8E8AEA1E7AE97E69CBAE5ADA6E999A2222C2231223A22E8AEA1E7AE97E69CBAE7A791E5ADA6E4B88EE68A80E69CAF32303135E7BAA733E78FAD222C2232223A22353030323231313939353038333031323337222C2233223A223131353033303730333038222C2234223A22E5BCA0E6B481222C2235223A22222C2236223A22E4B880E6A1A3227D, '2018-06-09 10:42:19');
INSERT INTO `excelrecord` VALUES ('140', '26', '39', 0x7B2230223A22E8AEA1E7AE97E69CBAE7A791E5ADA6E4B88EE5B7A5E7A88B222C2231223A22313135303330373033222C2232223A22353030313036313939353131303938393132222C2233223A223131353033303730333130222C2234223A22E983ADE991AB222C2235223A22222C2236223A22E4B880E6A1A3227D, '2018-06-09 10:25:55');
INSERT INTO `excelrecord` VALUES ('141', '26', '1', 0x7B2230223A22E69CACE983A8E8AEA1E7AE97E69CBAE5ADA6E999A2222C2231223A22E8AEA1E7AE97E69CBAE7A791E5ADA6E4B88EE68A80E69CAF32303135E7BAA733E78FAD222C2232223A22343130323231313939343131323132373131222C2233223A223131353033303730333033222C2234223A22E5BCA0E68CAFE696B9222C2235223A22E6B091E694BFE5AEB6E5BAADE7BB8FE6B58EE59BB0E99ABEE5ADA6E7949F222C2236223A22E4B880E6A1A3227D, '2018-06-09 10:33:44');
INSERT INTO `excelrecord` VALUES ('142', '26', '8', 0x7B2230223A22E69CACE983A8E8AEA1E7AE97E69CBAE5ADA6E999A2222C2231223A22E8AEA1E7AE97E69CBAE7A791E5ADA6E4B88EE68A80E69CAF32303135E7BAA733E78FAD222C2232223A22353030323331313939373035323032313432222C2233223A223131353033303730333136222C2234223A22E69D8EE6958F222C2235223A22222C2236223A22E4B880E6A1A3227D, '2018-06-09 10:42:06');
INSERT INTO `excelrecord` VALUES ('143', '26', '17', 0x7B2230223A22E69CACE983A8E8AEA1E7AE97E69CBAE5ADA6E999A2222C2231223A22E8AEA1E7AE97E69CBAE7A791E5ADA6E4B88EE68A80E69CAF32303135E7BAA733E78FAD222C2232223A22353030323337313939373036313034343632222C2233223A223131353033303730333233222C2234223A22E8A281E88A99E89389222C2235223A22E88EB7E4B88AE5ADA6E5B9B4E58AA9E5ADA6E98791222C2236223A22E4B880E6A1A3227D, '2018-06-09 14:54:45');
INSERT INTO `excelrecord` VALUES ('144', '26', '36', 0x7B2230223A22E69CACE983A8E8AEA1E7AE97E69CBAE5ADA6E999A2222C2231223A22E8AEA1E7AE97E69CBAE7A791E5ADA6E4B88EE68A80E69CAF32303135E7BAA733E78FAD222C2232223A22343630313033313939373132313531383239222C2233223A223131353033303730333036222C2234223A22E78E8BE59889E680A1222C2235223A22222C2236223A22E4B880E6A1A3227D, '2018-06-09 19:16:16');
INSERT INTO `excelrecord` VALUES ('145', '26', '30', 0x7B2230223A22E69CACE983A8E8AEA1E7AE97E69CBAE5ADA6E999A2222C2231223A22E8AEA1E7AE97E69CBAE7A791E5ADA6E4B88EE68A80E69CAF32303135E7BAA733E78FAD222C2232223A22333732393236313939373130323932383130222C2233223A223131353033303730333338222C2234223A22E8B0ADE4B8ADE6ADA3222C2235223A22E6B091E694BFE5AEB6E5BAADE7BB8FE6B58EE59BB0E99ABEE5ADA6E7949F222C2236223A22E4B880E6A1A3227D, '2018-06-10 08:00:59');
INSERT INTO `excelrecord` VALUES ('146', '26', '18', 0x7B2230223A22E69CACE983A8E8AEA1E7AE97E69CBAE5ADA6E999A2222C2231223A22E8AEA1E7AE97E69CBAE7A791E5ADA6E4B88EE68A80E69CAF32303135E7BAA733E78FAD222C2232223A22353030323432313939343130313836393733222C2233223A223131353033303730333235222C2234223A22E794B0E5869B222C2235223A22222C2236223A22E4B880E6A1A3227D, '2018-06-10 08:30:25');
INSERT INTO `excelrecord` VALUES ('147', '26', '20', 0x7B2230223A22E69CACE983A8E8AEA1E7AE97E69CBAE5ADA6E999A220222C2231223A22E8AEA1E7AE97E69CBAE7A791E5ADA6E4B88EE68A80E69CAF32303135E7BAA733E78FAD222C2232223A22353030323433313939373038333031303533222C2233223A223131353033303730333237222C2234223A22E8B5B5E5B08FE9948B222C2235223A22222C2236223A22E4B880E6A1A3227D, '2018-06-10 08:26:03');
INSERT INTO `excelrecord` VALUES ('148', '26', '42', 0x7B2230223A22E69CACE983A8E8AEA1E7AE97E69CBAE5ADA6E999A2222C2231223A22E8AEA1E7AE97E69CBAE7A791E5ADA6E4B88EE68A80E69CAF32303135E7BAA733E78FAD222C2232223A22333630373330313939373035333030303338222C2233223A223131353033303730333035222C2234223A22E8B5B5E69880E5BAB7222C2235223A22E697A0222C2236223A22E4B880E6A1A3227D, '2018-06-14 13:34:18');
INSERT INTO `excelrecord` VALUES ('149', '26', '31', 0x7B2230223A22E69CACE983A8E8AEA1E7AE97E69CBAE5ADA6E999A220222C2231223A22E8AEA1E7AE97E69CBAE7A791E5ADA6E4B88EE68A80E69CAF32303135E7BAA733E78FAD222C2232223A22333530353231313939373032313335353137222C2233223A223131353033303730333339222C2234223A22E69E97E5B091E7919C222C2235223A22222C2236223A22E4B880E6A1A3227D, '2018-06-14 13:57:17');
INSERT INTO `excelrecord` VALUES ('150', '26', '43', 0x7B2230223A22E8AEA1E7AE97E69CBAE7A791E5ADA6E4B88EE5B7A5E7A88B222C2231223A22313135303330373033222C2232223A22353030323232313939373034323831343158222C2233223A223131353033303730333137222C2234223A22E591A8E69DB0222C2235223A22E4B88AE5ADA6E5B9B4E58AA9E5ADA6E98791222C2236223A22E4B880E6A1A3227D, '2018-06-14 13:57:58');
INSERT INTO `excelrecord` VALUES ('151', '26', '27', 0x7B2230223A22E69CACE983A8E8AEA1E7AE97E69CBAE5ADA6E999A2222C2231223A22E8AEA1E7AE97E69CBAE7A791E5ADA6E4B88EE68A80E69CAF32303135E7BAA733E78FAD222C2232223A22353030323238313939363036323433373834222C2233223A223131353033303730333334222C2234223A22E78E8BE991ABE991AB222C2235223A22E6B091E694BFE5AEB6E5BAADE7BB8FE6B58EE59BB0E99ABEE5ADA6E7949F222C2236223A22E4B880E6A1A3227D, '2018-06-14 14:07:47');
INSERT INTO `excelrecord` VALUES ('152', '26', '28', 0x7B2230223A22E69CACE983A8E8AEA1E7AE97E69CBAE5ADA6E999A2222C2231223A22E8AEA1E7AE97E69CBAE7A791E5ADA6E4B88EE68A80E69CAF32303135E7BAA733E78FAD222C2232223A22313330343331313939353031323131303232222C2233223A223131353033303730333335222C2234223A22E78E8BE685A2E685A2222C2235223A22E88EB7E4B88AE5ADA6E5B9B4E58AA9E5ADA6E98791222C2236223A22E4B880E6A1A3227D, '2018-06-14 15:03:54');
INSERT INTO `excelrecord` VALUES ('153', '26', '33', 0x7B2230223A22E8AEA1E7AE97E69CBAE7A791E5ADA6E4B88EE5B7A5E7A88BE5ADA6E999A2222C2231223A22E8AEA1E7A79133E78FAD222C2232223A22353030323335313939373031323433343739222C2233223A223131353033303730333031222C2234223A22E4BB98E78F8A222C2235223A22222C2236223A22E4B880E6A1A3227D, '2018-06-14 15:15:27');
INSERT INTO `excelrecord` VALUES ('154', '26', '41', 0x7B2230223A22E8AEA1E7AE97E69CBAE7A791E5ADA6E4B88EE68A80E69CAF222C2231223A223337EFBC8833EFBC89222C2232223A22333432343235313939363031303133313135222C2233223A223131343033303730333332222C2234223A22E69CB1E59DA4222C2235223A22222C2236223A2231227D, '2018-06-14 17:29:58');
INSERT INTO `excelrecord` VALUES ('155', '26', '9', 0x7B2230223A22E69CACE983A8E8AEA1E7AE97E69CBAE5ADA6E999A2222C2231223A22E8AEA1E7AE97E69CBAE7A791E5ADA6E4B88EE68A80E69CAF32303135E7BAA733E78FAD222C2232223A22353030323238313939363033303931383058222C2233223A223131353033303730333134222C2234223A22E5BB96E7A780E889B3222C2235223A22222C2236223A22E4B880E6A1A3227D, '2018-06-15 17:14:38');
INSERT INTO `excelrecord` VALUES ('156', null, '7', 0x7B2230223A2261222C2231223A2261222C2232223A2261222C2233223A2261222C2234223A2261222C2235223A2261222C2236223A22222C2237223A22227D, '2018-06-18 14:18:52');

-- ----------------------------
-- Table structure for file
-- ----------------------------
DROP TABLE IF EXISTS `file`;
CREATE TABLE `file` (
  `fileid` bigint(20) NOT NULL AUTO_INCREMENT,
  `userid` bigint(20) NOT NULL,
  `noticeid` bigint(20) NOT NULL,
  `filename` text COLLATE utf8_bin NOT NULL,
  `path` text COLLATE utf8_bin NOT NULL,
  `time` datetime NOT NULL,
  PRIMARY KEY (`fileid`),
  KEY `FK_files2` (`noticeid`),
  KEY `fk1` (`userid`),
  CONSTRAINT `FK6r5vkb1j5o170rftcsws7hi5d` FOREIGN KEY (`noticeid`) REFERENCES `notice` (`noticeid`),
  CONSTRAINT `FKq4nn0xwpx6esubqb6xsvtgaa9` FOREIGN KEY (`userid`) REFERENCES `user` (`userid`),
  CONSTRAINT `fk1` FOREIGN KEY (`userid`) REFERENCES `user` (`userid`) ON DELETE CASCADE ON UPDATE CASCADE,
  CONSTRAINT `fk2` FOREIGN KEY (`noticeid`) REFERENCES `notice` (`noticeid`) ON DELETE CASCADE ON UPDATE CASCADE
) ENGINE=InnoDB AUTO_INCREMENT=275 DEFAULT CHARSET=utf8 COLLATE=utf8_bin;

-- ----------------------------
-- Records of file
-- ----------------------------
INSERT INTO `file` VALUES ('10', '1', '12', 0x666163652E73716C, 0x6E6F74696365646174612F312F31322F666163652E73716C, '2018-06-17 18:08:21');
INSERT INTO `file` VALUES ('11', '1', '13', 0x3131353033303730333033E5BCA0E68CAFE696B9382E646F6378, 0x6E6F74696365646174612F312F31332F3131353033303730333033E5BCA0E68CAFE696B9382E646F6378, '2018-04-19 09:43:41');
INSERT INTO `file` VALUES ('12', '2', '13', 0x31313530333037303331332DE4BD95E6B4AAE78E892D382E646F6378, 0x6E6F74696365646174612F312F31332F31313530333037303331332DE4BD95E6B4AAE78E892D382E646F6378, '2018-04-18 21:16:00');
INSERT INTO `file` VALUES ('13', '1', '14', 0x3131353033303730333033E5BCA0E68CAFE696B9E7BC96E8AF91E58E9FE79086E5AE9EE9AA8C312E646F63, 0x6E6F74696365646174612F312F31342F3131353033303730333033E5BCA0E68CAFE696B9E7BC96E8AF91E58E9FE79086E5AE9EE9AA8C312E646F63, '2018-04-16 11:30:57');
INSERT INTO `file` VALUES ('14', '31', '14', 0x3131353033303730333339E69E97E5B091E7919CE5AE9EE9AA8CE4B8802E646F63, 0x6E6F74696365646174612F312F31342F3131353033303730333339E69E97E5B091E7919CE5AE9EE9AA8CE4B8802E646F63, '2018-04-16 11:35:27');
INSERT INTO `file` VALUES ('15', '30', '14', 0x3131353033303730333338E8B0ADE4B8ADE6ADA3312E646F63, 0x6E6F74696365646174612F312F31342F3131353033303730333338E8B0ADE4B8ADE6ADA3312E646F63, '2018-04-16 11:35:31');
INSERT INTO `file` VALUES ('16', '3', '14', 0x3131353033303730333337E78E8BE59089E88BB1E7BC96E8AF91E58E9FE79086E5AE9EE9AA8CE4B8802E646F63, 0x433A2F55736572732F41646D696E6973747261746F722F4465736B746F702F576562436F6E74656E742F5745422D494E462F6E6F74696365646174612F312F31342F3131353033303730333337E78E8BE59089E88BB1E7BC96E8AF91E58E9FE79086E5AE9EE9AA8CE4B8802E646F63, '2018-04-16 16:27:57');
INSERT INTO `file` VALUES ('17', '39', '14', 0x3131353033303730333130E983ADE991AB5FE5AE9EE9AA8CE4B8802E646F63, 0x433A2F55736572732F41646D696E6973747261746F722F4465736B746F702F576562436F6E74656E742F5745422D494E462F6E6F74696365646174612F312F31342F3131353033303730333130E983ADE991AB5FE5AE9EE9AA8CE4B8802E646F63, '2018-04-16 11:36:29');
INSERT INTO `file` VALUES ('18', '5', '14', 0x3131353033303730333131E79AAEE889B3E8908DE5AE9EE9AA8C312E646F63, 0x433A2F55736572732F41646D696E6973747261746F722F4465736B746F702F576562436F6E74656E742F5745422D494E462F6E6F74696365646174612F312F31342F3131353033303730333131E79AAEE889B3E8908DE5AE9EE9AA8C312E646F63, '2018-04-16 14:07:54');
INSERT INTO `file` VALUES ('19', '25', '14', 0x3131353033303730333332E883A1E698A52E646F63, 0x433A2F55736572732F41646D696E6973747261746F722F4465736B746F702F576562436F6E74656E742F5745422D494E462F6E6F74696365646174612F312F31342F3131353033303730333332E883A1E698A52E646F63, '2018-04-16 11:36:56');
INSERT INTO `file` VALUES ('20', '19', '14', 0x3131353033303730333236E5BCA0E9BA92E991AB5FE7BC96E8AF91E58E9FE79086E5AE9EE9AA8C31202E646F63, 0x433A2F55736572732F41646D696E6973747261746F722F4465736B746F702F576562436F6E74656E742F5745422D494E462F6E6F74696365646174612F312F31342F3131353033303730333236E5BCA0E9BA92E991AB5FE7BC96E8AF91E58E9FE79086E5AE9EE9AA8C31202E646F63, '2018-04-16 11:37:06');
INSERT INTO `file` VALUES ('21', '28', '14', 0x31313530333037303333355FE78E8BE685A2E685A25FE8AF8DE6B395E58886E69E90E7A88BE5BA8FE68AA5E5918A2E646F6378, 0x433A2F55736572732F41646D696E6973747261746F722F4465736B746F702F576562436F6E74656E742F5745422D494E462F6E6F74696365646174612F312F31342F31313530333037303333355FE78E8BE685A2E685A25FE8AF8DE6B395E58886E69E90E7A88BE5BA8FE68AA5E5918A2E646F6378, '2018-04-16 14:36:56');
INSERT INTO `file` VALUES ('22', '43', '14', 0x3131353033303730333137E591A8E69DB02E646F63, 0x433A2F55736572732F41646D696E6973747261746F722F4465736B746F702F576562436F6E74656E742F5745422D494E462F6E6F74696365646174612F312F31342F3131353033303730333137E591A8E69DB02E646F63, '2018-04-16 11:37:24');
INSERT INTO `file` VALUES ('23', '18', '14', 0x3131353033303730333235E794B0E5869B2E646F63, 0x433A2F55736572732F41646D696E6973747261746F722F4465736B746F702F576562436F6E74656E742F5745422D494E462F6E6F74696365646174612F312F31342F3131353033303730333235E794B0E5869B2E646F63, '2018-04-16 11:38:04');
INSERT INTO `file` VALUES ('24', '37', '14', 0x31313530333037303330385FE5BCA0E6B4812E646F63, 0x433A2F55736572732F41646D696E6973747261746F722F4465736B746F702F576562436F6E74656E742F5745422D494E462F6E6F74696365646174612F312F31342F31313530333037303330385FE5BCA0E6B4812E646F63, '2018-04-16 11:38:06');
INSERT INTO `file` VALUES ('25', '38', '14', 0x31313530333037303330392DE894A1E69687E991AB2E646F63, 0x433A2F55736572732F41646D696E6973747261746F722F4465736B746F702F576562436F6E74656E742F5745422D494E462F6E6F74696365646174612F312F31342F31313530333037303330392DE894A1E69687E991AB2E646F63, '2018-04-16 12:24:02');
INSERT INTO `file` VALUES ('26', '20', '14', 0x3131353033303730333237E8B5B5E5B08FE9948B2E646F63, 0x433A2F55736572732F41646D696E6973747261746F722F4465736B746F702F576562436F6E74656E742F5745422D494E462F6E6F74696365646174612F312F31342F3131353033303730333237E8B5B5E5B08FE9948B2E646F63, '2018-04-16 13:07:42');
INSERT INTO `file` VALUES ('27', '11', '14', 0x3131353033303037303331355FE5B0B9E5B08FE88AB32E646F63, 0x433A2F55736572732F41646D696E6973747261746F722F4465736B746F702F576562436F6E74656E742F5745422D494E462F6E6F74696365646174612F312F31342F3131353033303037303331355FE5B0B9E5B08FE88AB32E646F63, '2018-04-16 11:39:44');
INSERT INTO `file` VALUES ('28', '9', '14', 0x31313530333037303331345FE5BB96E7A780E889B32E646F63, 0x433A2F55736572732F41646D696E6973747261746F722F4465736B746F702F576562436F6E74656E742F5745422D494E462F6E6F74696365646174612F312F31342F31313530333037303331345FE5BB96E7A780E889B32E646F63, '2018-04-16 11:40:02');
INSERT INTO `file` VALUES ('29', '72', '14', 0x31313330333037303330355FE7868AE5A3AE2E646F63, 0x433A2F55736572732F41646D696E6973747261746F722F4465736B746F702F576562436F6E74656E742F5745422D494E462F6E6F74696365646174612F312F31342F31313330333037303330355FE7868AE5A3AE2E646F63, '2018-04-16 11:42:20');
INSERT INTO `file` VALUES ('30', '2', '14', 0x31313530333037303331335FE4BD95E6B4AAE78E892E646F63, 0x433A2F55736572732F41646D696E6973747261746F722F4465736B746F702F576562436F6E74656E742F5745422D494E462F6E6F74696365646174612F312F31342F31313530333037303331335FE4BD95E6B4AAE78E892E646F63, '2018-04-16 11:42:58');
INSERT INTO `file` VALUES ('31', '27', '14', 0x31313530333037303333342DE78E8BE991ABE991AB2E646F63, 0x433A2F55736572732F41646D696E6973747261746F722F4465736B746F702F576562436F6E74656E742F5745422D494E462F6E6F74696365646174612F312F31342F31313530333037303333342DE78E8BE991ABE991AB2E646F63, '2018-04-16 16:17:56');
INSERT INTO `file` VALUES ('32', '42', '14', 0x3131353033303730333035E8B5B5E69880E5BAB72E646F63, 0x433A2F55736572732F41646D696E6973747261746F722F4465736B746F702F576562436F6E74656E742F5745422D494E462F6E6F74696365646174612F312F31342F3131353033303730333035E8B5B5E69880E5BAB72E646F63, '2018-04-16 11:53:23');
INSERT INTO `file` VALUES ('33', '40', '14', 0x3131353033303730333132E6B4AAE6B89DE6B69B2E646F6378, 0x433A2F55736572732F41646D696E6973747261746F722F4465736B746F702F576562436F6E74656E742F5745422D494E462F6E6F74696365646174612F312F31342F3131353033303730333132E6B4AAE6B89DE6B69B2E646F6378, '2018-04-16 11:58:06');
INSERT INTO `file` VALUES ('34', '33', '14', 0x31313530333037303330312DE4BB98E78F8A2E646F63, 0x433A2F55736572732F41646D696E6973747261746F722F4465736B746F702F576562436F6E74656E742F5745422D494E462F6E6F74696365646174612F312F31342F31313530333037303330312DE4BB98E78F8A2E646F63, '2018-04-16 13:16:47');
INSERT INTO `file` VALUES ('35', '16', '14', 0x31313530333037303332322DE5BCA0E6B8852E646F63, 0x433A2F55736572732F41646D696E6973747261746F722F4465736B746F702F576562436F6E74656E742F5745422D494E462F6E6F74696365646174612F312F31342F31313530333037303332322DE5BCA0E6B8852E646F63, '2018-04-16 12:12:27');
INSERT INTO `file` VALUES ('36', '23', '14', 0x3131353033303730333330E5BCA0E5AEB8E6BA902E646F6378, 0x433A2F55736572732F41646D696E6973747261746F722F4465736B746F702F576562436F6E74656E742F5745422D494E462F6E6F74696365646174612F312F31342F3131353033303730333330E5BCA0E5AEB8E6BA902E646F6378, '2018-04-16 12:14:54');
INSERT INTO `file` VALUES ('37', '17', '14', 0x3131353033303730333233E8A281E88A99E89389E8AF8DE6B395E58886E69E902E646F63, 0x433A2F55736572732F41646D696E6973747261746F722F4465736B746F702F576562436F6E74656E742F5745422D494E462F6E6F74696365646174612F312F31342F3131353033303730333233E8A281E88A99E89389E8AF8DE6B395E58886E69E902E646F63, '2018-04-16 13:04:12');
INSERT INTO `file` VALUES ('38', '14', '14', 0x3131353033303730333231E99988E4BF8AE5AE872E646F63, 0x433A2F55736572732F41646D696E6973747261746F722F4465736B746F702F576562436F6E74656E742F5745422D494E462F6E6F74696365646174612F312F31342F3131353033303730333231E99988E4BF8AE5AE872E646F63, '2018-04-16 14:20:33');
INSERT INTO `file` VALUES ('39', '44', '14', 0x31313530333037303332305FE7A7A6E5AE87E888AA5FE7BC96E8AF91E58E9FE79086E5AE9EE9AA8CE4B8802E646F63, 0x433A2F55736572732F41646D696E6973747261746F722F4465736B746F702F576562436F6E74656E742F5745422D494E462F6E6F74696365646174612F312F31342F31313530333037303332305FE7A7A6E5AE87E888AA5FE7BC96E8AF91E58E9FE79086E5AE9EE9AA8CE4B8802E646F63, '2018-04-16 14:31:50');
INSERT INTO `file` VALUES ('40', '4', '14', 0x3131353033303730333234E98293E88AAEE7BC96E8AF91E58E9FE79086E5AE9EE9AA8CE4B880202E646F63, 0x433A2F55736572732F41646D696E6973747261746F722F4465736B746F702F576562436F6E74656E742F5745422D494E462F6E6F74696365646174612F312F31342F3131353033303730333234E98293E88AAEE7BC96E8AF91E58E9FE79086E5AE9EE9AA8CE4B880202E646F63, '2018-04-16 14:37:09');
INSERT INTO `file` VALUES ('41', '4', '13', 0x3131353033303730333234E98293E88AAEE5AE9EE9AA8C3820E5AE9EE78EB0E695B0E68DAEE5BA93E695B0E68DAEE79A84E5A29EE588A0E694B9E69FA52E646F6378, 0x433A2F55736572732F41646D696E6973747261746F722F4465736B746F702F576562436F6E74656E742F5745422D494E462F6E6F74696365646174612F312F31332F3131353033303730333234E98293E88AAEE5AE9EE9AA8C3820E5AE9EE78EB0E695B0E68DAEE5BA93E695B0E68DAEE79A84E5A29EE588A0E694B9E69FA52E646F6378, '2018-04-16 14:39:50');
INSERT INTO `file` VALUES ('42', '36', '14', 0x3131353033303730333036E78E8BE59889E680A12E646F63, 0x433A2F55736572732F41646D696E6973747261746F722F4465736B746F702F576562436F6E74656E742F5745422D494E462F6E6F74696365646174612F312F31342F3131353033303730333036E78E8BE59889E680A12E646F63, '2018-04-16 15:03:00');
INSERT INTO `file` VALUES ('43', '29', '14', 0x3131353033303730333336E78E8BE697AD2E7A6970, 0x433A2F55736572732F41646D696E6973747261746F722F4465736B746F702F576562436F6E74656E742F5745422D494E462F6E6F74696365646174612F312F31342F3131353033303730333336E78E8BE697AD2E7A6970, '2018-04-16 17:03:45');
INSERT INTO `file` VALUES ('44', '21', '14', 0x3131353033303730333238E58898E4B880E88FA05FE7BC96E8AF91E58E9FE79086E5AE9EE9AA8C312E646F6378, 0x433A2F55736572732F41646D696E6973747261746F722F4465736B746F702F576562436F6E74656E742F5745422D494E462F6E6F74696365646174612F312F31342F3131353033303730333238E58898E4B880E88FA05FE7BC96E8AF91E58E9FE79086E5AE9EE9AA8C312E646F6378, '2018-04-16 17:15:13');
INSERT INTO `file` VALUES ('45', '74', '12', 0x34656266393632363635626462326230646635366366353035626230386130322E6A7067, 0x433A2F55736572732F41646D696E6973747261746F722F4465736B746F702F576562436F6E74656E742F5745422D494E462F6E6F74696365646174612F312F313234656266393632363635626462326230646635366366353035626230386130322E6A7067, '2018-04-19 13:27:59');
INSERT INTO `file` VALUES ('46', '5', '13', 0x3131353033303730333131E79AAEE889B3E8908D2E646F6378, 0x433A2F55736572732F41646D696E6973747261746F722F4465736B746F702F576562436F6E74656E742F5745422D494E462F6E6F74696365646174612F312F31332F3131353033303730333131E79AAEE889B3E8908D2E646F6378, '2018-04-20 10:56:15');
INSERT INTO `file` VALUES ('47', '3', '13', 0x3131353033303730333337E78E8BE59089E88BB12E646F6378, 0x433A2F55736572732F41646D696E6973747261746F722F4465736B746F702F576562436F6E74656E742F5745422D494E462F6E6F74696365646174612F312F31332F3131353033303730333337E78E8BE59089E88BB12E646F6378, '2018-04-20 11:49:45');
INSERT INTO `file` VALUES ('48', '19', '13', 0x3131353033303730333236E5BCA0E9BA92E991AB5FE5AE9EE9AA8C38202E646F6378, 0x433A2F55736572732F41646D696E6973747261746F722F4465736B746F702F576562436F6E74656E742F5745422D494E462F6E6F74696365646174612F312F31332F3131353033303730333236E5BCA0E9BA92E991AB5FE5AE9EE9AA8C38202E646F6378, '2018-04-20 12:56:37');
INSERT INTO `file` VALUES ('49', '11', '13', 0x31313530333037303331355FE5B0B9E5B08FE88AB3382E646F6378, 0x433A2F55736572732F41646D696E6973747261746F722F4465736B746F702F576562436F6E74656E742F5745422D494E462F6E6F74696365646174612F312F31332F31313530333037303331355FE5B0B9E5B08FE88AB3382E646F6378, '2018-04-20 13:00:02');
INSERT INTO `file` VALUES ('50', '39', '13', 0x3131353033303730333130E983ADE991AB2E646F6378, 0x433A2F55736572732F41646D696E6973747261746F722F4465736B746F702F576562436F6E74656E742F5745422D494E462F6E6F74696365646174612F312F31332F3131353033303730333130E983ADE991AB2E646F6378, '2018-04-20 15:26:34');
INSERT INTO `file` VALUES ('51', '43', '13', 0x3131353033303730333137E591A8E69DB02E646F6378, 0x433A2F55736572732F41646D696E6973747261746F722F4465736B746F702F576562436F6E74656E742F5745422D494E462F6E6F74696365646174612F312F31332F3131353033303730333137E591A8E69DB02E646F6378, '2018-04-20 19:36:24');
INSERT INTO `file` VALUES ('52', '20', '13', 0x3131353033303730333237E8B5B5E5B08FE9948B2E646F6378, 0x433A2F55736572732F41646D696E6973747261746F722F4465736B746F702F576562436F6E74656E742F5745422D494E462F6E6F74696365646174612F312F31332F3131353033303730333237E8B5B5E5B08FE9948B2E646F6378, '2018-04-20 20:46:09');
INSERT INTO `file` VALUES ('53', '8', '13', 0x3131353033303730333136E69D8EE6958F2DE5AE9EE9AA8C382E646F6378, 0x433A2F55736572732F41646D696E6973747261746F722F4465736B746F702F576562436F6E74656E742F5745422D494E462F6E6F74696365646174612F312F31332F3131353033303730333136E69D8EE6958F2DE5AE9EE9AA8C382E646F6378, '2018-04-21 09:30:18');
INSERT INTO `file` VALUES ('54', '40', '13', 0x3131353033303730333132E6B4AAE6B89DE6B69B2E646F6378, 0x433A2F55736572732F41646D696E6973747261746F722F4465736B746F702F576562436F6E74656E742F5745422D494E462F6E6F74696365646174612F312F31332F3131353033303730333132E6B4AAE6B89DE6B69B2E646F6378, '2018-04-21 11:32:24');
INSERT INTO `file` VALUES ('55', '17', '13', 0x3131353033303730333233E8A281E88A99E89389E5AE9EE9AA8C382E646F6378, 0x433A2F55736572732F41646D696E6973747261746F722F4465736B746F702F576562436F6E74656E742F5745422D494E462F6E6F74696365646174612F312F31332F3131353033303730333233E8A281E88A99E89389E5AE9EE9AA8C382E646F6378, '2018-04-21 11:34:15');
INSERT INTO `file` VALUES ('56', '25', '13', 0x3131353033303730333332E883A1E698A52DE5AE9EE9AA8C382E646F6378, 0x433A2F55736572732F41646D696E6973747261746F722F4465736B746F702F576562436F6E74656E742F5745422D494E462F6E6F74696365646174612F312F31332F3131353033303730333332E883A1E698A52DE5AE9EE9AA8C382E646F6378, '2018-04-21 11:59:38');
INSERT INTO `file` VALUES ('57', '37', '13', 0x31313530333037303330382DE5BCA0E6B4812DE5AE9EE9AA8C382E646F6378, 0x433A2F55736572732F41646D696E6973747261746F722F4465736B746F702F576562436F6E74656E742F5745422D494E462F6E6F74696365646174612F312F31332F31313530333037303330382DE5BCA0E6B4812DE5AE9EE9AA8C382E646F6378, '2018-04-21 13:14:26');
INSERT INTO `file` VALUES ('58', '22', '13', 0x3131353033303730333239E5BCA0E89393E895BE382E646F6378, 0x433A2F55736572732F41646D696E6973747261746F722F4465736B746F702F576562436F6E74656E742F5745422D494E462F6E6F74696365646174612F312F31332F3131353033303730333239E5BCA0E89393E895BE382E646F6378, '2018-04-21 14:27:41');
INSERT INTO `file` VALUES ('59', '30', '13', 0x3131353033303730333338E8B0ADE4B8ADE6ADA3382E646F6378, 0x433A2F55736572732F41646D696E6973747261746F722F4465736B746F702F576562436F6E74656E742F5745422D494E462F6E6F74696365646174612F312F31332F3131353033303730333338E8B0ADE4B8ADE6ADA3382E646F6378, '2018-04-21 17:11:57');
INSERT INTO `file` VALUES ('60', '31', '13', 0x3131353033303730333339E5AE9EE9AA8C382E646F6378, 0x433A2F55736572732F41646D696E6973747261746F722F4465736B746F702F576562436F6E74656E742F5745422D494E462F6E6F74696365646174612F312F31332F3131353033303730333339E5AE9EE9AA8C382E646F6378, '2018-04-21 17:17:36');
INSERT INTO `file` VALUES ('61', '33', '13', 0x31313530333037303330312DE4BB98E78F8A2DE5AE9EE9AA8C382E646F6378, 0x433A2F55736572732F41646D696E6973747261746F722F4465736B746F702F576562436F6E74656E742F5745422D494E462F6E6F74696365646174612F312F31332F31313530333037303330312DE4BB98E78F8A2DE5AE9EE9AA8C382E646F6378, '2018-04-21 17:17:50');
INSERT INTO `file` VALUES ('62', '38', '13', 0x31313530333037303330392DE894A1E69687E991AB2E646F6378, 0x433A2F55736572732F41646D696E6973747261746F722F4465736B746F702F576562436F6E74656E742F5745422D494E462F6E6F74696365646174612F312F31332F31313530333037303330392DE894A1E69687E991AB2E646F6378, '2018-04-21 20:08:50');
INSERT INTO `file` VALUES ('63', '18', '12', 0x3131353033303730333235E794B0E5869B2DE585AB2E646F6378, 0x433A2F55736572732F41646D696E6973747261746F722F4465736B746F702F576562436F6E74656E742F5745422D494E462F6E6F74696365646174612F312F31322F3131353033303730333235E794B0E5869B2DE585AB2E646F6378, '2018-04-21 20:43:50');
INSERT INTO `file` VALUES ('64', '36', '13', 0x3131353033303730333036E78E8BE59889E680A12E646F6378, 0x433A2F55736572732F41646D696E6973747261746F722F4465736B746F702F576562436F6E74656E742F5745422D494E462F6E6F74696365646174612F312F31332F3131353033303730333036E78E8BE59889E680A12E646F6378, '2018-04-21 21:27:09');
INSERT INTO `file` VALUES ('65', '30', '18', 0x3131353033303730333338E8B0ADE4B8ADE6ADA32DE8BDAFE5B7A5E5AE9EE9AA8C312E646F6378, 0x433A2F55736572732F41646D696E6973747261746F722F4465736B746F702F576562436F6E74656E742F5745422D494E462F6E6F74696365646174612F342F31382F3131353033303730333338E8B0ADE4B8ADE6ADA32DE8BDAFE5B7A5E5AE9EE9AA8C312E646F6378, '2018-04-24 20:41:59');
INSERT INTO `file` VALUES ('66', '39', '15', 0x3131353033303730333130E983ADE991AB5FE5AE9EE9AA8CE4BA8C2E646F63, 0x433A2F55736572732F41646D696E6973747261746F722F4465736B746F702F576562436F6E74656E742F5745422D494E462F6E6F74696365646174612F312F31352F3131353033303730333130E983ADE991AB5FE5AE9EE9AA8CE4BA8C2E646F63, '2018-04-24 20:44:56');
INSERT INTO `file` VALUES ('67', '1', '18', 0x5154417564696F456E67696E65, 0x433A2F55736572732F41646D696E6973747261746F722F4465736B746F702F576562436F6E74656E742F5745422D494E462F6E6F74696365646174612F342F31382F5154417564696F456E67696E65, '2018-04-24 21:13:23');
INSERT INTO `file` VALUES ('68', '43', '15', 0x3131353033303730333137E591A8E69DB0E5AE9EE9AA8CE4BA8C2E646F63, 0x433A2F55736572732F41646D696E6973747261746F722F4465736B746F702F576562436F6E74656E742F5745422D494E462F6E6F74696365646174612F312F31352F3131353033303730333137E591A8E69DB0E5AE9EE9AA8CE4BA8C2E646F63, '2018-04-25 22:12:57');
INSERT INTO `file` VALUES ('69', '178', '19', 0xE696B0E5BBBA204D6963726F736F667420576F7264203937202D203230303320E69687E6A1A32E646F63, 0x433A2F55736572732F41646D696E6973747261746F722F4465736B746F702F576562436F6E74656E742F5745422D494E462F6E6F74696365646174612F3137352F31392FE696B0E5BBBA204D6963726F736F667420576F7264203937202D203230303320E69687E6A1A32E646F63, '2018-04-25 22:24:10');
INSERT INTO `file` VALUES ('70', '181', '19', 0x3131353033303730343236E7ABA5E88AAE2E646F63, 0x433A2F55736572732F41646D696E6973747261746F722F4465736B746F702F576562436F6E74656E742F5745422D494E462F6E6F74696365646174612F3137352F31392F3131353033303730343236E7ABA5E88AAE2E646F63, '2018-04-25 22:36:35');
INSERT INTO `file` VALUES ('71', '184', '19', 0x3131353033303730343239E9BB84E6B5B7E790B32E646F63, 0x433A2F55736572732F41646D696E6973747261746F722F4465736B746F702F576562436F6E74656E742F5745422D494E462F6E6F74696365646174612F3137352F31392F3131353033303730343239E9BB84E6B5B7E790B32E646F63, '2018-04-25 22:40:38');
INSERT INTO `file` VALUES ('72', '156', '19', 0x3131353033303730343031E69D8EE99D92E4B8B02E646F6378, 0x433A2F55736572732F41646D696E6973747261746F722F4465736B746F702F576562436F6E74656E742F5745422D494E462F6E6F74696365646174612F3137352F31392F3131353033303730343031E69D8EE99D92E4B8B02E646F6378, '2018-04-25 22:41:34');
INSERT INTO `file` VALUES ('73', '187', '19', 0x3131353033303730343332E982B9E683A02E646F63, 0x433A2F55736572732F41646D696E6973747261746F722F4465736B746F702F576562436F6E74656E742F5745422D494E462F6E6F74696365646174612F3137352F31392F3131353033303730343332E982B9E683A02E646F63, '2018-04-25 22:43:47');
INSERT INTO `file` VALUES ('74', '167', '19', 0x31313530333037303431325FE8A281E8BF9CE7A68F2E646F63, 0x433A2F55736572732F41646D696E6973747261746F722F4465736B746F702F576562436F6E74656E742F5745422D494E462F6E6F74696365646174612F3137352F31392F31313530333037303431325FE8A281E8BF9CE7A68F2E646F63, '2018-04-25 22:48:46');
INSERT INTO `file` VALUES ('75', '189', '19', 0x31313530333037303433345FE5AE89E6B69B2E646F63, 0x433A2F55736572732F41646D696E6973747261746F722F4465736B746F702F576562436F6E74656E742F5745422D494E462F6E6F74696365646174612F3137352F31392F31313530333037303433345FE5AE89E6B69B2E646F63, '2018-04-25 23:02:47');
INSERT INTO `file` VALUES ('76', '166', '19', 0x3131353033303730343131E591A8E4B896E6A281202E646F63, 0x433A2F55736572732F41646D696E6973747261746F722F4465736B746F702F576562436F6E74656E742F5745422D494E462F6E6F74696365646174612F3137352F31392F3131353033303730343131E591A8E4B896E6A281202E646F63, '2018-04-25 23:50:11');
INSERT INTO `file` VALUES ('77', '196', '19', 0x31313430333037303431325FE99988E4BC9F2020E8AFADE6B395E58886E69E90E599A8E68AA5E5918A2E646F6378, 0x433A2F55736572732F41646D696E6973747261746F722F4465736B746F702F576562436F6E74656E742F5745422D494E462F6E6F74696365646174612F3137352F31392F31313430333037303431325FE99988E4BC9F2020E8AFADE6B395E58886E69E90E599A8E68AA5E5918A2E646F6378, '2018-04-25 23:57:22');
INSERT INTO `file` VALUES ('78', '192', '19', 0x3131353033303730343337E69D8EE790B3E88E892E646F6378, 0x433A2F55736572732F41646D696E6973747261746F722F4465736B746F702F576562436F6E74656E742F5745422D494E462F6E6F74696365646174612F3137352F31392F3131353033303730343337E69D8EE790B3E88E892E646F6378, '2018-04-26 00:21:07');
INSERT INTO `file` VALUES ('79', '191', '19', 0x3131353033303730343336E8B0ADE5B3BB2DE5AE9EE9AA8CE4BA8C2E646F63, 0x433A2F55736572732F41646D696E6973747261746F722F4465736B746F702F576562436F6E74656E742F5745422D494E462F6E6F74696365646174612F3137352F31392F3131353033303730343336E8B0ADE5B3BB2DE5AE9EE9AA8CE4BA8C2E646F63, '2018-04-26 00:35:14');
INSERT INTO `file` VALUES ('80', '1', '15', 0x3131353033303730333033E5BCA0E68CAFE696B9322E646F63, 0x433A2F55736572732F41646D696E6973747261746F722F4465736B746F702F576562436F6E74656E742F5745422D494E462F6E6F74696365646174612F312F31352F3131353033303730333033E5BCA0E68CAFE696B9322E646F63, '2018-04-26 00:40:41');
INSERT INTO `file` VALUES ('81', '169', '19', 0x31313530333037303431345FE9BB8EE6958F2E646F63, 0x433A2F55736572732F41646D696E6973747261746F722F4465736B746F702F576562436F6E74656E742F5745422D494E462F6E6F74696365646174612F3137352F31392F31313530333037303431345FE9BB8EE6958F2E646F63, '2018-04-26 02:03:06');
INSERT INTO `file` VALUES ('82', '14', '15', 0x3131353033303730333231E99988E4BF8AE5AE875FE5AE9EE9AA8CE4BA8C2E646F63, 0x433A2F55736572732F41646D696E6973747261746F722F4465736B746F702F576562436F6E74656E742F5745422D494E462F6E6F74696365646174612F312F31352F3131353033303730333231E99988E4BF8AE5AE875FE5AE9EE9AA8CE4BA8C2E646F63, '2018-04-26 03:06:07');
INSERT INTO `file` VALUES ('83', '177', '19', 0x3131353033303730343232E4BD95E78EB22E646F63, 0x433A2F55736572732F41646D696E6973747261746F722F4465736B746F702F576562436F6E74656E742F5745422D494E462F6E6F74696365646174612F3137352F31392F3131353033303730343232E4BD95E78EB22E646F63, '2018-04-26 05:10:25');
INSERT INTO `file` VALUES ('84', '163', '19', 0x3131353033303730343038E7868AE5BCBA2E646F63, 0x433A2F55736572732F41646D696E6973747261746F722F4465736B746F702F576562436F6E74656E742F5745422D494E462F6E6F74696365646174612F3137352F31392F3131353033303730343038E7868AE5BCBA2E646F63, '2018-04-26 10:22:24');
INSERT INTO `file` VALUES ('85', '25', '15', 0x3131353033303730333332E883A1E698A52E646F63, 0x433A2F55736572732F41646D696E6973747261746F722F4465736B746F702F576562436F6E74656E742F5745422D494E462F6E6F74696365646174612F312F31352F3131353033303730333332E883A1E698A52E646F63, '2018-04-26 10:24:28');
INSERT INTO `file` VALUES ('86', '31', '15', 0x3131353033303730333339E69E97E5B091E7919C2E646F63, 0x433A2F55736572732F41646D696E6973747261746F722F4465736B746F702F576562436F6E74656E742F5745422D494E462F6E6F74696365646174612F312F31352F3131353033303730333339E69E97E5B091E7919C2E646F63, '2018-04-26 10:26:28');
INSERT INTO `file` VALUES ('87', '40', '15', 0x3131353033303730333132E6B4AAE6B89DE6B69B2E646F6378, 0x433A2F55736572732F41646D696E6973747261746F722F4465736B746F702F576562436F6E74656E742F5745422D494E462F6E6F74696365646174612F312F31352F3131353033303730333132E6B4AAE6B89DE6B69B2E646F6378, '2018-04-26 10:27:09');
INSERT INTO `file` VALUES ('88', '30', '15', 0x3131353033303730333338E8B0ADE4B8ADE6ADA32E646F6378, 0x433A2F55736572732F41646D696E6973747261746F722F4465736B746F702F576562436F6E74656E742F5745422D494E462F6E6F74696365646174612F312F31352F3131353033303730333338E8B0ADE4B8ADE6ADA32E646F6378, '2018-04-26 10:46:11');
INSERT INTO `file` VALUES ('89', '33', '15', 0x31313530333037303330312DE4BB98E78F8A2E646F63, 0x433A2F55736572732F41646D696E6973747261746F722F4465736B746F702F576562436F6E74656E742F5745422D494E462F6E6F74696365646174612F312F31352F31313530333037303330312DE4BB98E78F8A2E646F63, '2018-04-26 10:30:59');
INSERT INTO `file` VALUES ('90', '19', '15', 0x3131353033303730333236E5BCA0E9BA92E991AB5FE7BC96E8AF91E58E9FE79086E5AE9EE9AA8C32202E646F63, 0x433A2F55736572732F41646D696E6973747261746F722F4465736B746F702F576562436F6E74656E742F5745422D494E462F6E6F74696365646174612F312F31352F3131353033303730333236E5BCA0E9BA92E991AB5FE7BC96E8AF91E58E9FE79086E5AE9EE9AA8C32202E646F63, '2018-04-26 10:46:09');
INSERT INTO `file` VALUES ('91', '2', '15', 0x31313530333037303331332DE4BD95E6B4AAE78E892D322E646F63, 0x433A2F55736572732F41646D696E6973747261746F722F4465736B746F702F576562436F6E74656E742F5745422D494E462F6E6F74696365646174612F312F31352F31313530333037303331332DE4BD95E6B4AAE78E892D322E646F63, '2018-04-26 17:06:27');
INSERT INTO `file` VALUES ('92', '11', '15', 0x31313530333037303331355FE5B0B9E5B08FE88AB32E646F6378, 0x433A2F55736572732F41646D696E6973747261746F722F4465736B746F702F576562436F6E74656E742F5745422D494E462F6E6F74696365646174612F312F31352F31313530333037303331355FE5B0B9E5B08FE88AB32E646F6378, '2018-04-26 13:24:45');
INSERT INTO `file` VALUES ('93', '5', '15', 0x3131353033303730333131E79AAEE889B3E8908DE5AE9EE9AA8CE4BA8C2E646F6378, 0x433A2F55736572732F41646D696E6973747261746F722F4465736B746F702F576562436F6E74656E742F5745422D494E462F6E6F74696365646174612F312F31352F3131353033303730333131E79AAEE889B3E8908DE5AE9EE9AA8CE4BA8C2E646F6378, '2018-04-26 16:23:05');
INSERT INTO `file` VALUES ('94', '44', '15', 0x31313530333037303332305FE7A7A6E5AE87E888AA5FE7BC96E8AF91E58E9FE79086E5AE9EE9AA8CE4BA8C2E646F63, 0x433A2F55736572732F41646D696E6973747261746F722F4465736B746F702F576562436F6E74656E742F5745422D494E462F6E6F74696365646174612F312F31352F31313530333037303332305FE7A7A6E5AE87E888AA5FE7BC96E8AF91E58E9FE79086E5AE9EE9AA8CE4BA8C2E646F63, '2018-04-26 13:40:43');
INSERT INTO `file` VALUES ('95', '4', '15', 0x3131353033303730333234E98293E88AAEE7BC96E8AF91E58E9FE79086E8AFADE6B395E58886E69E902E646F6378, 0x433A2F55736572732F41646D696E6973747261746F722F4465736B746F702F576562436F6E74656E742F5745422D494E462F6E6F74696365646174612F312F31352F3131353033303730333234E98293E88AAEE7BC96E8AF91E58E9FE79086E8AFADE6B395E58886E69E902E646F6378, '2018-04-26 16:45:35');
INSERT INTO `file` VALUES ('96', '8', '15', 0x3131353033303730333136E69D8EE6958F2DE5AE9EE9AA8C322E646F6378, 0x433A2F55736572732F41646D696E6973747261746F722F4465736B746F702F576562436F6E74656E742F5745422D494E462F6E6F74696365646174612F312F31352F3131353033303730333136E69D8EE6958F2DE5AE9EE9AA8C322E646F6378, '2018-04-26 15:00:03');
INSERT INTO `file` VALUES ('97', '28', '15', 0x31313530333037303333355FE78E8BE685A2E685A22E646F63, 0x433A2F55736572732F41646D696E6973747261746F722F4465736B746F702F576562436F6E74656E742F5745422D494E462F6E6F74696365646174612F312F31352F31313530333037303333355FE78E8BE685A2E685A22E646F63, '2018-04-26 16:08:46');
INSERT INTO `file` VALUES ('98', '17', '15', 0x3131353033303730333233E8A281E88A99E893892E646F63, 0x433A2F55736572732F41646D696E6973747261746F722F4465736B746F702F576562436F6E74656E742F5745422D494E462F6E6F74696365646174612F312F31352F3131353033303730333233E8A281E88A99E893892E646F63, '2018-04-26 16:34:07');
INSERT INTO `file` VALUES ('99', '9', '15', 0x31313530333037303331345FE5BB96E7A780E889B32E646F63, 0x433A2F55736572732F41646D696E6973747261746F722F4465736B746F702F576562436F6E74656E742F5745422D494E462F6E6F74696365646174612F312F31352F31313530333037303331345FE5BB96E7A780E889B32E646F63, '2018-04-26 16:43:05');
INSERT INTO `file` VALUES ('100', '36', '15', 0x3131353033303730333036E78E8BE59889E680A12E646F63, 0x433A2F55736572732F41646D696E6973747261746F722F4465736B746F702F576562436F6E74656E742F5745422D494E462F6E6F74696365646174612F312F31352F3131353033303730333036E78E8BE59889E680A12E646F63, '2018-04-26 16:50:55');
INSERT INTO `file` VALUES ('101', '3', '15', 0x3131353033303730333337E78E8BE59089E88BB12E646F63, 0x433A2F55736572732F41646D696E6973747261746F722F4465736B746F702F576562436F6E74656E742F5745422D494E462F6E6F74696365646174612F312F31352F3131353033303730333337E78E8BE59089E88BB12E646F63, '2018-04-26 16:54:58');
INSERT INTO `file` VALUES ('102', '27', '15', 0x3131353033303730333334E78E8BE991ABE991AB2E646F6378, 0x433A2F55736572732F41646D696E6973747261746F722F4465736B746F702F576562436F6E74656E742F5745422D494E462F6E6F74696365646174612F312F31352F3131353033303730333334E78E8BE991ABE991AB2E646F6378, '2018-04-26 16:59:19');
INSERT INTO `file` VALUES ('103', '37', '15', 0x31313530333037303330382DE5BCA0E6B4812DE5AE9EE9AA8C322E646F6378, 0x433A2F55736572732F41646D696E6973747261746F722F4465736B746F702F576562436F6E74656E742F5745422D494E462F6E6F74696365646174612F312F31352F31313530333037303330382DE5BCA0E6B4812DE5AE9EE9AA8C322E646F6378, '2018-04-26 17:00:52');
INSERT INTO `file` VALUES ('104', '41', '15', 0x31313430333037303333325FE69CB1E59DA42020E8AFADE6B395E58886E69E90E599A8E68AA5E5918A2831292E646F6378, 0x433A2F55736572732F41646D696E6973747261746F722F4465736B746F702F576562436F6E74656E742F5745422D494E462F6E6F74696365646174612F312F31352F31313430333037303333325FE69CB1E59DA42020E8AFADE6B395E58886E69E90E599A8E68AA5E5918A2831292E646F6378, '2018-04-26 18:41:39');
INSERT INTO `file` VALUES ('105', '29', '15', 0x3131353033303730333336E78E8BE697AD2E7A6970, 0x433A2F55736572732F41646D696E6973747261746F722F4465736B746F702F576562436F6E74656E742F5745422D494E462F6E6F74696365646174612F312F31352F3131353033303730333336E78E8BE697AD2E7A6970, '2018-04-26 19:10:08');
INSERT INTO `file` VALUES ('106', '20', '15', 0x3131353033303730333237E8B5B5E5B08FE9948B2E646F63, 0x433A2F55736572732F41646D696E6973747261746F722F4465736B746F702F576562436F6E74656E742F5745422D494E462F6E6F74696365646174612F312F31352F3131353033303730333237E8B5B5E5B08FE9948B2E646F63, '2018-04-26 20:33:24');
INSERT INTO `file` VALUES ('107', '16', '15', 0x3131353033303730333232E5BCA0E6B8852DE5AE9EE9AA8C322E646F63, 0x433A2F55736572732F41646D696E6973747261746F722F4465736B746F702F576562436F6E74656E742F5745422D494E462F6E6F74696365646174612F312F31352F3131353033303730333232E5BCA0E6B8852DE5AE9EE9AA8C322E646F63, '2018-04-26 20:59:07');
INSERT INTO `file` VALUES ('108', '4', '12', 0x4A617661E59BBEE5838FE5A484E79086E6BA90E4BBA3E7A0812E726172, 0x433A2F55736572732F41646D696E6973747261746F722F4465736B746F702F576562436F6E74656E742F5745422D494E462F6E6F74696365646174612F312F31322F4A617661E59BBEE5838FE5A484E79086E6BA90E4BBA3E7A0812E726172, '2018-04-26 21:17:34');
INSERT INTO `file` VALUES ('109', '2', '12', 0x494D475F303731322E4A5047, 0x433A2F55736572732F41646D696E6973747261746F722F4465736B746F702F576562436F6E74656E742F5745422D494E462F6E6F74696365646174612F312F31322F494D475F303731322E4A5047, '2018-04-26 21:17:46');
INSERT INTO `file` VALUES ('110', '21', '15', 0x3131353033303730333238E58898E4B880E88FA02E646F63, 0x433A2F55736572732F41646D696E6973747261746F722F4465736B746F702F576562436F6E74656E742F5745422D494E462F6E6F74696365646174612F312F31352F3131353033303730333238E58898E4B880E88FA02E646F63, '2018-04-26 21:28:21');
INSERT INTO `file` VALUES ('111', '23', '15', 0x3131353033303730333330E5BCA0E5AEB8E6BA902E646F63, 0x433A2F55736572732F41646D696E6973747261746F722F4465736B746F702F576562436F6E74656E742F5745422D494E462F6E6F74696365646174612F312F31352F3131353033303730333330E5BCA0E5AEB8E6BA902E646F63, '2018-04-26 23:55:36');
INSERT INTO `file` VALUES ('112', '13', '15', 0x3131353033303730333138E5BCA0E6A1832E646F6378, 0x433A2F55736572732F41646D696E6973747261746F722F4465736B746F702F576562436F6E74656E742F5745422D494E462F6E6F74696365646174612F312F31352F3131353033303730333138E5BCA0E6A1832E646F6378, '2018-04-27 17:16:36');
INSERT INTO `file` VALUES ('113', '181', '22', 0x3131353033303730343236E7ABA5E88AAE2E726172, 0x433A2F55736572732F41646D696E6973747261746F722F4465736B746F702F576562436F6E74656E742F5745422D494E462F6E6F74696365646174612F3137352F32322F3131353033303730343236E7ABA5E88AAE2E726172, '2018-05-03 23:27:46');
INSERT INTO `file` VALUES ('114', '184', '22', 0x3131353033303730343239E9BB84E6B5B7E790B32E726172, 0x433A2F55736572732F41646D696E6973747261746F722F4465736B746F702F576562436F6E74656E742F5745422D494E462F6E6F74696365646174612F3137352F32322F3131353033303730343239E9BB84E6B5B7E790B32E726172, '2018-05-04 10:20:35');
INSERT INTO `file` VALUES ('115', '1', '20', 0x3131353033303730333033E5BCA0E68CAFE696B92E726172, 0x433A2F55736572732F41646D696E6973747261746F722F4465736B746F702F576562436F6E74656E742F5745422D494E462F6E6F74696365646174612F312F32302F3131353033303730333033E5BCA0E68CAFE696B92E726172, '2018-05-04 20:49:42');
INSERT INTO `file` VALUES ('116', '172', '22', 0x31313530333037303431375FE69687E5BC80E4BF8A5FE5AE9EE9AA8CE4B8892E726172, 0x433A2F55736572732F41646D696E6973747261746F722F4465736B746F702F576562436F6E74656E742F5745422D494E462F6E6F74696365646174612F3137352F32322F31313530333037303431375FE69687E5BC80E4BF8A5FE5AE9EE9AA8CE4B8892E726172, '2018-05-04 14:58:22');
INSERT INTO `file` VALUES ('117', '39', '20', 0x3131353033303730333130E983ADE991AB2E7A6970, 0x433A2F55736572732F41646D696E6973747261746F722F4465736B746F702F576562436F6E74656E742F5745422D494E462F6E6F74696365646174612F312F32302F3131353033303730333130E983ADE991AB2E7A6970, '2018-05-05 20:05:55');
INSERT INTO `file` VALUES ('118', '38', '15', 0x31313530333037303330395FE894A1E69687E991AB5FE8AFADE6B3952E646F6378, 0x433A2F55736572732F41646D696E6973747261746F722F4465736B746F702F576562436F6E74656E742F5745422D494E462F6E6F74696365646174612F312F31352F31313530333037303330395FE894A1E69687E991AB5FE8AFADE6B3952E646F6378, '2018-05-04 22:12:48');
INSERT INTO `file` VALUES ('119', '186', '22', 0x3131353033303730343331E88EABE4BDB3E8BFAA2E7A6970, 0x433A2F55736572732F41646D696E6973747261746F722F4465736B746F702F576562436F6E74656E742F5745422D494E462F6E6F74696365646174612F3137352F32322F3131353033303730343331E88EABE4BDB3E8BFAA2E7A6970, '2018-05-05 10:17:15');
INSERT INTO `file` VALUES ('120', '2', '20', 0x313135303330373033313320E4BD95E6B4AAE78E892E726172, 0x433A2F55736572732F41646D696E6973747261746F722F4465736B746F702F576562436F6E74656E742F5745422D494E462F6E6F74696365646174612F312F32302F313135303330373033313320E4BD95E6B4AAE78E892E726172, '2018-05-05 16:43:14');
INSERT INTO `file` VALUES ('121', '187', '22', 0x3131353033303730343332E982B9E683A02E726172, 0x433A2F55736572732F41646D696E6973747261746F722F4465736B746F702F576562436F6E74656E742F5745422D494E462F6E6F74696365646174612F3137352F32322F3131353033303730343332E982B9E683A02E726172, '2018-05-05 18:42:54');
INSERT INTO `file` VALUES ('122', '40', '20', 0x3131353033303730333132E6B4AAE6B89DE6B69B2E7A6970, 0x433A2F55736572732F41646D696E6973747261746F722F4465736B746F702F576562436F6E74656E742F5745422D494E462F6E6F74696365646174612F312F32302F3131353033303730333132E6B4AAE6B89DE6B69B2E7A6970, '2018-05-05 20:02:44');
INSERT INTO `file` VALUES ('123', '9', '20', 0x31313530333037303331345FE5BB96E7A780E889B32E7A6970, 0x433A2F55736572732F41646D696E6973747261746F722F4465736B746F702F576562436F6E74656E742F5745422D494E462F6E6F74696365646174612F312F32302F31313530333037303331345FE5BB96E7A780E889B32E7A6970, '2018-05-05 10:26:46');
INSERT INTO `file` VALUES ('124', '28', '20', 0x3131353033303730333335E78E8BE685A2E685A22E7A6970, 0x433A2F55736572732F41646D696E6973747261746F722F4465736B746F702F576562436F6E74656E742F5745422D494E462F6E6F74696365646174612F312F32302F3131353033303730333335E78E8BE685A2E685A22E7A6970, '2018-05-05 12:13:54');
INSERT INTO `file` VALUES ('125', '11', '20', 0x3131353033303730333135E5B0B9E5B08FE88AB32E726172, 0x433A2F55736572732F41646D696E6973747261746F722F4465736B746F702F576562436F6E74656E742F5745422D494E462F6E6F74696365646174612F312F32302F3131353033303730333135E5B0B9E5B08FE88AB32E726172, '2018-05-05 11:23:58');
INSERT INTO `file` VALUES ('126', '192', '22', 0x3131353033303730343337E69D8EE790B3E88E892E726172, 0x433A2F55736572732F41646D696E6973747261746F722F4465736B746F702F576562436F6E74656E742F5745422D494E462F6E6F74696365646174612F3137352F32322F3131353033303730343337E69D8EE790B3E88E892E726172, '2018-05-05 19:50:07');
INSERT INTO `file` VALUES ('127', '166', '22', 0x3131353033303730343131E591A8E4B896E6A2812E7A6970, 0x433A2F55736572732F41646D696E6973747261746F722F4465736B746F702F576562436F6E74656E742F5745422D494E462F6E6F74696365646174612F3137352F32322F3131353033303730343131E591A8E4B896E6A2812E7A6970, '2018-05-05 16:13:18');
INSERT INTO `file` VALUES ('128', '163', '22', 0x3131353033303730343038E7868AE5BCBA2E7A6970, 0x433A2F55736572732F41646D696E6973747261746F722F4465736B746F702F576562436F6E74656E742F5745422D494E462F6E6F74696365646174612F3137352F32322F3131353033303730343038E7868AE5BCBA2E7A6970, '2018-05-05 12:33:11');
INSERT INTO `file` VALUES ('129', '3', '20', 0x3131353033303730333337E78E8BE59089E88BB12E7A6970, 0x433A2F55736572732F41646D696E6973747261746F722F4465736B746F702F576562436F6E74656E742F5745422D494E462F6E6F74696365646174612F312F32302F3131353033303730333337E78E8BE59089E88BB12E7A6970, '2018-05-05 12:40:32');
INSERT INTO `file` VALUES ('130', '38', '20', 0x31313530333037303330395FE894A1E69687E991AB2E7A6970, 0x433A2F55736572732F41646D696E6973747261746F722F4465736B746F702F576562436F6E74656E742F5745422D494E462F6E6F74696365646174612F312F32302F31313530333037303330395FE894A1E69687E991AB2E7A6970, '2018-05-05 12:42:31');
INSERT INTO `file` VALUES ('131', '5', '20', 0x3131353033303730333131E79AAEE889B3E8908D2E726172, 0x433A2F55736572732F41646D696E6973747261746F722F4465736B746F702F576562436F6E74656E742F5745422D494E462F6E6F74696365646174612F312F32302F3131353033303730333131E79AAEE889B3E8908D2E726172, '2018-05-05 13:06:50');
INSERT INTO `file` VALUES ('132', '19', '20', 0x3131353033303730333236E5BCA0E9BA92E991AB5FE5AE9EE9AA8C332E726172, 0x433A2F55736572732F41646D696E6973747261746F722F4465736B746F702F576562436F6E74656E742F5745422D494E462F6E6F74696365646174612F312F32302F3131353033303730333236E5BCA0E9BA92E991AB5FE5AE9EE9AA8C332E726172, '2018-05-05 13:19:20');
INSERT INTO `file` VALUES ('133', '13', '20', 0x3131353033303730333138E5BCA0E6A1832E7A6970, 0x433A2F55736572732F41646D696E6973747261746F722F4465736B746F702F576562436F6E74656E742F5745422D494E462F6E6F74696365646174612F312F32302F3131353033303730333138E5BCA0E6A1832E7A6970, '2018-05-05 17:01:39');
INSERT INTO `file` VALUES ('134', '27', '20', 0x3131353033303730333334E78E8BE991ABE991AB2E7A6970, 0x433A2F55736572732F41646D696E6973747261746F722F4465736B746F702F576562436F6E74656E742F5745422D494E462F6E6F74696365646174612F312F32302F3131353033303730333334E78E8BE991ABE991AB2E7A6970, '2018-05-05 17:04:34');
INSERT INTO `file` VALUES ('135', '183', '22', 0x3131353033303730343238E69DA8E5B8862DE5AE9EE9AA8CE4B889E58F8AE5AE9EE9AA8CE4B880E4BA8CE4B889E4BBA3E7A0812E726172, 0x433A2F55736572732F41646D696E6973747261746F722F4465736B746F702F576562436F6E74656E742F5745422D494E462F6E6F74696365646174612F3137352F32322F3131353033303730343238E69DA8E5B8862DE5AE9EE9AA8CE4B889E58F8AE5AE9EE9AA8CE4B880E4BA8CE4B889E4BBA3E7A0812E726172, '2018-05-05 17:20:48');
INSERT INTO `file` VALUES ('136', '25', '20', 0x3131353033303730333332E883A1E698A52E7A6970, 0x433A2F55736572732F41646D696E6973747261746F722F4465736B746F702F576562436F6E74656E742F5745422D494E462F6E6F74696365646174612F312F32302F3131353033303730333332E883A1E698A52E7A6970, '2018-05-05 17:41:45');
INSERT INTO `file` VALUES ('137', '158', '22', 0x3131353033303730343033E99988E6A2A6E699972E726172, 0x433A2F55736572732F41646D696E6973747261746F722F4465736B746F702F576562436F6E74656E742F5745422D494E462F6E6F74696365646174612F3137352F32322F3131353033303730343033E99988E6A2A6E699972E726172, '2018-05-05 17:49:43');
INSERT INTO `file` VALUES ('138', '161', '22', 0x3131353033303730343036E590B4E99B84E9A39E2E7A6970, 0x433A2F55736572732F41646D696E6973747261746F722F4465736B746F702F576562436F6E74656E742F5745422D494E462F6E6F74696365646174612F3137352F32322F3131353033303730343036E590B4E99B84E9A39E2E7A6970, '2018-05-05 18:06:10');
INSERT INTO `file` VALUES ('139', '173', '22', 0x3131353033303730343138E8B0ADE58D9AE7A78BE4BA91EFBC88E7ACACE4B889E6ACA1E5AE9EE9AA8CEFBC892E726172, 0x433A2F55736572732F41646D696E6973747261746F722F4465736B746F702F576562436F6E74656E742F5745422D494E462F6E6F74696365646174612F3137352F32322F3131353033303730343138E8B0ADE58D9AE7A78BE4BA91EFBC88E7ACACE4B889E6ACA1E5AE9EE9AA8CEFBC892E726172, '2018-05-05 18:35:07');
INSERT INTO `file` VALUES ('140', '41', '20', 0x31313430333037303333322EE69CB1E59DA4E38082E7BC96E8AF91E58E9FE79086E5AE9EE9AA8CE4B8892E726172, 0x433A2F55736572732F41646D696E6973747261746F722F4465736B746F702F576562436F6E74656E742F5745422D494E462F6E6F74696365646174612F312F32302F31313430333037303333322EE69CB1E59DA4E38082E7BC96E8AF91E58E9FE79086E5AE9EE9AA8CE4B8892E726172, '2018-05-05 19:12:02');
INSERT INTO `file` VALUES ('141', '191', '22', 0xE5AE9EE9AA8CE4BBA3E7A0812E726172, 0x433A2F55736572732F41646D696E6973747261746F722F4465736B746F702F576562436F6E74656E742F5745422D494E462F6E6F74696365646174612F3137352F32322FE5AE9EE9AA8CE4BBA3E7A0812E726172, '2018-05-05 19:27:29');
INSERT INTO `file` VALUES ('142', '162', '22', 0x3131353033303730343037E88182E5A989E99C9E2E726172, 0x433A2F55736572732F41646D696E6973747261746F722F4465736B746F702F576562436F6E74656E742F5745422D494E462F6E6F74696365646174612F3137352F32322F3131353033303730343037E88182E5A989E99C9E2E726172, '2018-05-05 19:34:16');
INSERT INTO `file` VALUES ('143', '43', '20', 0x3131353033303730333137E591A8E69DB02E726172, 0x433A2F55736572732F41646D696E6973747261746F722F4465736B746F702F576562436F6E74656E742F5745422D494E462F6E6F74696365646174612F312F32302F3131353033303730333137E591A8E69DB02E726172, '2018-05-05 20:07:52');
INSERT INTO `file` VALUES ('144', '18', '20', 0x3131353033303730333235E794B0E5869B2E7A6970, 0x433A2F55736572732F41646D696E6973747261746F722F4465736B746F702F576562436F6E74656E742F5745422D494E462F6E6F74696365646174612F312F32302F3131353033303730333235E794B0E5869B2E7A6970, '2018-05-05 20:17:18');
INSERT INTO `file` VALUES ('145', '16', '20', 0x3131353033303730333232E5BCA0E6B8852E7A6970, 0x433A2F55736572732F41646D696E6973747261746F722F4465736B746F702F576562436F6E74656E742F5745422D494E462F6E6F74696365646174612F312F32302F3131353033303730333232E5BCA0E6B8852E7A6970, '2018-05-05 20:32:56');
INSERT INTO `file` VALUES ('146', '20', '20', 0x3131353033303730333237E8B5B5E5B08FE9948B2E7A6970, 0x433A2F55736572732F41646D696E6973747261746F722F4465736B746F702F576562436F6E74656E742F5745422D494E462F6E6F74696365646174612F312F32302F3131353033303730333237E8B5B5E5B08FE9948B2E7A6970, '2018-05-05 20:39:06');
INSERT INTO `file` VALUES ('147', '194', '22', 0x3131353033303730343339E99988E885BEE9A39E2E7A6970, 0x433A2F55736572732F41646D696E6973747261746F722F4465736B746F702F576562436F6E74656E742F5745422D494E462F6E6F74696365646174612F3137352F32322F3131353033303730343339E99988E885BEE9A39E2E7A6970, '2018-05-05 21:07:11');
INSERT INTO `file` VALUES ('148', '178', '22', 0x3131353033303730343233E6998FE69687E88BB12E7A6970, 0x433A2F55736572732F41646D696E6973747261746F722F4465736B746F702F576562436F6E74656E742F5745422D494E462F6E6F74696365646174612F3137352F32322F3131353033303730343233E6998FE69687E88BB12E7A6970, '2018-05-05 23:17:58');
INSERT INTO `file` VALUES ('149', '36', '20', 0x3131353033303730333036E78E8BE59889E680A12E726172, 0x433A2F55736572732F41646D696E6973747261746F722F4465736B746F702F576562436F6E74656E742F5745422D494E462F6E6F74696365646174612F312F32302F3131353033303730333036E78E8BE59889E680A12E726172, '2018-05-05 21:53:54');
INSERT INTO `file` VALUES ('150', '156', '22', 0x3131353033303730343031E69D8EE99D92E4B8B02E7A6970, 0x433A2F55736572732F41646D696E6973747261746F722F4465736B746F702F576562436F6E74656E742F5745422D494E462F6E6F74696365646174612F3137352F32322F3131353033303730343031E69D8EE99D92E4B8B02E7A6970, '2018-05-05 21:55:00');
INSERT INTO `file` VALUES ('151', '160', '22', 0x3131353033303730343035E69596E7BF942E726172, 0x433A2F55736572732F41646D696E6973747261746F722F4465736B746F702F576562436F6E74656E742F5745422D494E462F6E6F74696365646174612F3137352F32322F3131353033303730343035E69596E7BF942E726172, '2018-05-05 21:57:58');
INSERT INTO `file` VALUES ('152', '189', '22', 0x31313530333037303433345FE5AE89E6B69B2E7A6970, 0x433A2F55736572732F41646D696E6973747261746F722F4465736B746F702F576562436F6E74656E742F5745422D494E462F6E6F74696365646174612F3137352F32322F31313530333037303433345FE5AE89E6B69B2E7A6970, '2018-05-05 22:20:32');
INSERT INTO `file` VALUES ('153', '190', '22', 0xE5AE9EE9AA8CE4B8802E726172, 0x433A2F55736572732F41646D696E6973747261746F722F4465736B746F702F576562436F6E74656E742F5745422D494E462F6E6F74696365646174612F3137352F32322FE5AE9EE9AA8CE4B8802E726172, '2018-05-05 22:21:56');
INSERT INTO `file` VALUES ('154', '17', '20', 0x3131353033303730333233E8A281E88A99E893892E7A6970, 0x433A2F55736572732F41646D696E6973747261746F722F4465736B746F702F576562436F6E74656E742F5745422D494E462F6E6F74696365646174612F312F32302F3131353033303730333233E8A281E88A99E893892E7A6970, '2018-05-05 22:41:09');
INSERT INTO `file` VALUES ('155', '171', '22', 0x31313530333037303431362DE4BD99E99587E8BE9E2E726172, 0x433A2F55736572732F41646D696E6973747261746F722F4465736B746F702F576562436F6E74656E742F5745422D494E462F6E6F74696365646174612F3137352F32322F31313530333037303431362DE4BD99E99587E8BE9E2E726172, '2018-05-05 22:42:14');
INSERT INTO `file` VALUES ('156', '175', '22', 0x3131353033303730343230E78E8BE7A780E4B8BD2E7A6970, 0x433A2F55736572732F41646D696E6973747261746F722F4465736B746F702F576562436F6E74656E742F5745422D494E462F6E6F74696365646174612F3137352F32322F3131353033303730343230E78E8BE7A780E4B8BD2E7A6970, '2018-05-05 22:42:35');
INSERT INTO `file` VALUES ('157', '196', '22', 0x31313430333037303431325FE99988E4BC9F2E7A6970, 0x433A2F55736572732F41646D696E6973747261746F722F4465736B746F702F576562436F6E74656E742F5745422D494E462F6E6F74696365646174612F3137352F32322F31313430333037303431325FE99988E4BC9F2E7A6970, '2018-05-05 23:03:20');
INSERT INTO `file` VALUES ('158', '44', '20', 0x31313530333037303332305FE7A7A6E5AE87E888AA2E726172, 0x433A2F55736572732F41646D696E6973747261746F722F4465736B746F702F576562436F6E74656E742F5745422D494E462F6E6F74696365646174612F312F32302F31313530333037303332305FE7A7A6E5AE87E888AA2E726172, '2018-05-05 23:09:44');
INSERT INTO `file` VALUES ('159', '167', '22', 0x31313530333037303431325FE8A281E8BF9CE7A68F2E7A6970, 0x433A2F55736572732F41646D696E6973747261746F722F4465736B746F702F576562436F6E74656E742F5745422D494E462F6E6F74696365646174612F3137352F32322F31313530333037303431325FE8A281E8BF9CE7A68F2E7A6970, '2018-05-05 23:14:38');
INSERT INTO `file` VALUES ('160', '170', '22', 0x3131353033303730343135E7A7A6E4BA91E585B02E726172, 0x433A2F55736572732F41646D696E6973747261746F722F4465736B746F702F576562436F6E74656E742F5745422D494E462F6E6F74696365646174612F3137352F32322F3131353033303730343135E7A7A6E4BA91E585B02E726172, '2018-05-05 23:16:20');
INSERT INTO `file` VALUES ('161', '8', '20', 0x3131353033303730333136E69D8EE6958F2E7A6970, 0x433A2F55736572732F41646D696E6973747261746F722F4465736B746F702F576562436F6E74656E742F5745422D494E462F6E6F74696365646174612F312F32302F3131353033303730333136E69D8EE6958F2E7A6970, '2018-05-05 23:39:26');
INSERT INTO `file` VALUES ('162', '168', '22', 0x3131353033303730343133E5BCA0E6B5A9E5AE872E7A6970, 0x433A2F55736572732F41646D696E6973747261746F722F4465736B746F702F576562436F6E74656E742F5745422D494E462F6E6F74696365646174612F3137352F32322F3131353033303730343133E5BCA0E6B5A9E5AE872E7A6970, '2018-05-05 23:41:53');
INSERT INTO `file` VALUES ('163', '4', '20', 0x3131353033303730333234E98293E88AAE2E7A6970, 0x433A2F55736572732F41646D696E6973747261746F722F4465736B746F702F576562436F6E74656E742F5745422D494E462F6E6F74696365646174612F312F32302F3131353033303730333234E98293E88AAE2E7A6970, '2018-05-05 23:43:48');
INSERT INTO `file` VALUES ('164', '177', '22', 0x3131353033303730343232E4BD95E78EB22E726172, 0x433A2F55736572732F41646D696E6973747261746F722F4465736B746F702F576562436F6E74656E742F5745422D494E462F6E6F74696365646174612F3137352F32322F3131353033303730343232E4BD95E78EB22E726172, '2018-05-05 23:43:58');
INSERT INTO `file` VALUES ('165', '37', '20', 0x31313530333037303330385FE5BCA0E6B4812E726172, 0x433A2F55736572732F41646D696E6973747261746F722F4465736B746F702F576562436F6E74656E742F5745422D494E462F6E6F74696365646174612F312F32302F31313530333037303330385FE5BCA0E6B4812E726172, '2018-05-06 00:00:48');
INSERT INTO `file` VALUES ('166', '21', '20', 0x31313530333037303332385FE58898E4B880E88FA02E726172, 0x433A2F55736572732F41646D696E6973747261746F722F4465736B746F702F576562436F6E74656E742F5745422D494E462F6E6F74696365646174612F312F32302F31313530333037303332385FE58898E4B880E88FA02E726172, '2018-05-06 00:01:17');
INSERT INTO `file` VALUES ('167', '159', '22', 0x3131353033303730343034E99988E99BB7E799BB2E726172, 0x433A2F55736572732F41646D696E6973747261746F722F4465736B746F702F576562436F6E74656E742F5745422D494E462F6E6F74696365646174612F3137352F32322F3131353033303730343034E99988E99BB7E799BB2E726172, '2018-05-06 00:11:54');
INSERT INTO `file` VALUES ('168', '30', '20', 0x3131353033303730333338E8B0ADE4B8ADE6ADA320E7BC96E8AF91E58E9FE790864E46412E646F6378, 0x433A2F55736572732F41646D696E6973747261746F722F4465736B746F702F576562436F6E74656E742F5745422D494E462F6E6F74696365646174612F312F32302F3131353033303730333338E8B0ADE4B8ADE6ADA320E7BC96E8AF91E58E9FE790864E46412E646F6378, '2018-05-06 00:16:23');
INSERT INTO `file` VALUES ('169', '31', '20', 0x3131353033303730333339E69E97E5B091E7919C2E726172, 0x433A2F55736572732F41646D696E6973747261746F722F4465736B746F702F576562436F6E74656E742F5745422D494E462F6E6F74696365646174612F312F32302F3131353033303730333339E69E97E5B091E7919C2E726172, '2018-05-06 00:20:56');
INSERT INTO `file` VALUES ('170', '23', '20', 0x3131353033303730333330E5BCA0E5AEB8E6BA902E7A6970, 0x433A2F55736572732F41646D696E6973747261746F722F4465736B746F702F576562436F6E74656E742F5745422D494E462F6E6F74696365646174612F312F32302F3131353033303730333330E5BCA0E5AEB8E6BA902E7A6970, '2018-05-06 00:25:39');
INSERT INTO `file` VALUES ('171', '14', '20', 0x3131353033303730333231E99988E4BF8AE5AE872E726172, 0x433A2F55736572732F41646D696E6973747261746F722F4465736B746F702F576562436F6E74656E742F5745422D494E462F6E6F74696365646174612F312F32302F3131353033303730333231E99988E4BF8AE5AE872E726172, '2018-05-06 01:06:27');
INSERT INTO `file` VALUES ('172', '29', '20', 0x3131353033303730333336E78E8BE697AD332E7A6970, 0x433A2F55736572732F41646D696E6973747261746F722F4465736B746F702F576562436F6E74656E742F5745422D494E462F6E6F74696365646174612F312F32302F3131353033303730333336E78E8BE697AD332E7A6970, '2018-05-06 01:30:00');
INSERT INTO `file` VALUES ('173', '33', '20', 0x31313530333037303330312DE4BB98E78F8A2E726172, 0x433A2F55736572732F41646D696E6973747261746F722F4465736B746F702F576562436F6E74656E742F5745422D494E462F6E6F74696365646174612F312F32302F31313530333037303330312DE4BB98E78F8A2E726172, '2018-05-06 01:46:46');
INSERT INTO `file` VALUES ('174', '22', '20', 0x31313530333037303332392DE5BCA0E89393E895BE2E7A6970, 0x433A2F55736572732F41646D696E6973747261746F722F4465736B746F702F576562436F6E74656E742F5745422D494E462F6E6F74696365646174612F312F32302F31313530333037303332392DE5BCA0E89393E895BE2E7A6970, '2018-05-06 02:00:57');
INSERT INTO `file` VALUES ('175', '72', '25', 0x3131333033303730333035E7868AE5A3AE2E726172, 0x433A2F55736572732F41646D696E6973747261746F722F4465736B746F702F576562436F6E74656E742F5745422D494E462F6E6F74696365646174612F312F32352F3131333033303730333035E7868AE5A3AE2E726172, '2018-05-27 11:49:29');
INSERT INTO `file` VALUES ('176', '1', '25', 0x3131353033303730333033E5BCA0E68CAFE696B92E726172, 0x433A2F55736572732F41646D696E6973747261746F722F4465736B746F702F576562436F6E74656E742F5745422D494E462F6E6F74696365646174612F312F32352F3131353033303730333033E5BCA0E68CAFE696B92E726172, '2018-05-28 10:03:27');
INSERT INTO `file` VALUES ('177', '25', '25', 0x3131353033303730333332E883A1E698A52E7A6970, 0x433A2F55736572732F41646D696E6973747261746F722F4465736B746F702F576562436F6E74656E742F5745422D494E462F6E6F74696365646174612F312F32352F3131353033303730333332E883A1E698A52E7A6970, '2018-05-27 17:26:37');
INSERT INTO `file` VALUES ('178', '3', '25', 0x3131353033303730333337E78E8BE59089E88BB12E7A6970, 0x433A2F55736572732F41646D696E6973747261746F722F4465736B746F702F576562436F6E74656E742F5745422D494E462F6E6F74696365646174612F312F32352F3131353033303730333337E78E8BE59089E88BB12E7A6970, '2018-05-27 22:37:48');
INSERT INTO `file` VALUES ('179', '28', '25', 0x31313530333037303333355FE78E8BE685A2E685A22E7A6970, 0x433A2F55736572732F41646D696E6973747261746F722F4465736B746F702F576562436F6E74656E742F5745422D494E462F6E6F74696365646174612F312F32352F31313530333037303333355FE78E8BE685A2E685A22E7A6970, '2018-05-28 09:43:37');
INSERT INTO `file` VALUES ('180', '39', '25', 0x3131353033303730333130E983ADE991AB2E7A6970, 0x433A2F55736572732F41646D696E6973747261746F722F4465736B746F702F576562436F6E74656E742F5745422D494E462F6E6F74696365646174612F312F32352F3131353033303730333130E983ADE991AB2E7A6970, '2018-05-27 23:02:14');
INSERT INTO `file` VALUES ('181', '42', '25', 0x31313530333037303330355FE8B5B5E69880E5BAB72E726172, 0x433A2F55736572732F41646D696E6973747261746F722F4465736B746F702F576562436F6E74656E742F5745422D494E462F6E6F74696365646174612F312F32352F31313530333037303330355FE8B5B5E69880E5BAB72E726172, '2018-05-27 23:42:49');
INSERT INTO `file` VALUES ('182', '19', '25', 0x31313530333037303332365FE5BCA0E9BA92E991AB20E7BC96E8AF91E58E9FE79086E8AFBEE8AEBE2E726172, 0x433A2F55736572732F41646D696E6973747261746F722F4465736B746F702F576562436F6E74656E742F5745422D494E462F6E6F74696365646174612F312F32352F31313530333037303332365FE5BCA0E9BA92E991AB20E7BC96E8AF91E58E9FE79086E8AFBEE8AEBE2E726172, '2018-05-28 10:40:54');
INSERT INTO `file` VALUES ('183', '36', '25', 0x3131353033303730333036E78E8BE59889E680A12E646F63, 0x433A2F55736572732F41646D696E6973747261746F722F4465736B746F702F576562436F6E74656E742F5745422D494E462F6E6F74696365646174612F312F32352F3131353033303730333036E78E8BE59889E680A12E646F63, '2018-05-28 03:27:33');
INSERT INTO `file` VALUES ('184', '17', '25', 0x3131353033303730333233E8A281E88A99E893892E7A6970, 0x433A2F55736572732F41646D696E6973747261746F722F4465736B746F702F576562436F6E74656E742F5745422D494E462F6E6F74696365646174612F312F32352F3131353033303730333233E8A281E88A99E893892E7A6970, '2018-05-28 03:58:02');
INSERT INTO `file` VALUES ('185', '4', '25', 0x3131353033303730333234E98293E88AAEE8AFBEE7A88BE8AEBEE8AEA12E7A6970, 0x433A2F55736572732F41646D696E6973747261746F722F4465736B746F702F576562436F6E74656E742F5745422D494E462F6E6F74696365646174612F312F32352F3131353033303730333234E98293E88AAEE8AFBEE7A88BE8AEBEE8AEA12E7A6970, '2018-05-28 03:57:59');
INSERT INTO `file` VALUES ('186', '8', '25', 0x3131353033303730333136E69D8EE6958F2E7A6970, 0x433A2F55736572732F41646D696E6973747261746F722F4465736B746F702F576562436F6E74656E742F5745422D494E462F6E6F74696365646174612F312F32352F3131353033303730333136E69D8EE6958F2E7A6970, '2018-05-28 04:20:00');
INSERT INTO `file` VALUES ('187', '30', '25', 0x3131353033303730333338E8B0ADE4B8ADE6ADA32E7A6970, 0x433A2F55736572732F41646D696E6973747261746F722F4465736B746F702F576562436F6E74656E742F5745422D494E462F6E6F74696365646174612F312F32352F3131353033303730333338E8B0ADE4B8ADE6ADA32E7A6970, '2018-05-28 05:51:18');
INSERT INTO `file` VALUES ('188', '14', '25', 0x3131353033303730333231E99988E4BF8AE5AE872E726172, 0x433A2F55736572732F41646D696E6973747261746F722F4465736B746F702F576562436F6E74656E742F5745422D494E462F6E6F74696365646174612F312F32352F3131353033303730333231E99988E4BF8AE5AE872E726172, '2018-05-28 06:18:52');
INSERT INTO `file` VALUES ('189', '33', '25', 0x31313530333037303330312DE4BB98E78F8A2E726172, 0x433A2F55736572732F41646D696E6973747261746F722F4465736B746F702F576562436F6E74656E742F5745422D494E462F6E6F74696365646174612F312F32352F31313530333037303330312DE4BB98E78F8A2E726172, '2018-05-28 07:38:27');
INSERT INTO `file` VALUES ('190', '31', '25', 0x3131353033303730333339E69E97E5B091E7919C2E726172, 0x433A2F55736572732F41646D696E6973747261746F722F4465736B746F702F576562436F6E74656E742F5745422D494E462F6E6F74696365646174612F312F32352F3131353033303730333339E69E97E5B091E7919C2E726172, '2018-05-28 08:06:33');
INSERT INTO `file` VALUES ('191', '27', '25', 0x31313530333037303333345FE78E8BE991ABE991AB2E7A6970, 0x433A2F55736572732F41646D696E6973747261746F722F4465736B746F702F576562436F6E74656E742F5745422D494E462F6E6F74696365646174612F312F32352F31313530333037303333345FE78E8BE991ABE991AB2E7A6970, '2018-05-28 09:40:07');
INSERT INTO `file` VALUES ('192', '44', '25', 0x31313530333037303332305FE7A7A6E5AE87E888AA2E726172, 0x433A2F55736572732F41646D696E6973747261746F722F4465736B746F702F576562436F6E74656E742F5745422D494E462F6E6F74696365646174612F312F32352F31313530333037303332305FE7A7A6E5AE87E888AA2E726172, '2018-05-28 09:49:15');
INSERT INTO `file` VALUES ('193', '2', '25', 0x3131353033303730333133E4BD95E6B4AAE78E892E726172, 0x433A2F55736572732F41646D696E6973747261746F722F4465736B746F702F576562436F6E74656E742F5745422D494E462F6E6F74696365646174612F312F32352F3131353033303730333133E4BD95E6B4AAE78E892E726172, '2018-05-28 09:54:56');
INSERT INTO `file` VALUES ('194', '26', '25', 0xE7BC96E8AF91E58E9FE79086E8AFBEE7A88BE8AEBEE8AEA1E68AA5E5918A20E5BAB7E587AFE5AE812031313530333037303333332E726172, 0x433A2F55736572732F41646D696E6973747261746F722F4465736B746F702F576562436F6E74656E742F5745422D494E462F6E6F74696365646174612F312F32352FE7BC96E8AF91E58E9FE79086E8AFBEE7A88BE8AEBEE8AEA1E68AA5E5918A20E5BAB7E587AFE5AE812031313530333037303333332E726172, '2018-05-28 10:05:42');
INSERT INTO `file` VALUES ('195', '38', '25', 0x31313530333037303330395FE894A1E69687E991AB2E7A6970, 0x433A2F55736572732F41646D696E6973747261746F722F4465736B746F702F576562436F6E74656E742F5745422D494E462F6E6F74696365646174612F312F32352F31313530333037303330395FE894A1E69687E991AB2E7A6970, '2018-05-28 10:19:10');
INSERT INTO `file` VALUES ('196', '43', '25', 0x3131353033303730333137E591A8E69DB02E726172, 0x433A2F55736572732F41646D696E6973747261746F722F4465736B746F702F576562436F6E74656E742F5745422D494E462F6E6F74696365646174612F312F32352F3131353033303730333137E591A8E69DB02E726172, '2018-05-28 10:29:22');
INSERT INTO `file` VALUES ('197', '40', '25', 0x3131353033303730333132E6B4AAE6B89DE6B69B2E7A6970, 0x433A2F55736572732F41646D696E6973747261746F722F4465736B746F702F576562436F6E74656E742F5745422D494E462F6E6F74696365646174612F312F32352F3131353033303730333132E6B4AAE6B89DE6B69B2E7A6970, '2018-05-28 10:37:32');
INSERT INTO `file` VALUES ('198', '9', '25', 0x3131353033303730333134E5BB96E7A780E889B32E7A6970, 0x433A2F55736572732F41646D696E6973747261746F722F4465736B746F702F576562436F6E74656E742F5745422D494E462F6E6F74696365646174612F312F32352F3131353033303730333134E5BB96E7A780E889B32E7A6970, '2018-05-28 10:43:14');
INSERT INTO `file` VALUES ('199', '11', '25', 0x3131353033303730333135E5B0B9E5B08FE88AB32E726172, 0x433A2F55736572732F41646D696E6973747261746F722F4465736B746F702F576562436F6E74656E742F5745422D494E462F6E6F74696365646174612F312F32352F3131353033303730333135E5B0B9E5B08FE88AB32E726172, '2018-05-28 11:51:07');
INSERT INTO `file` VALUES ('200', '16', '25', 0x31313530333037303332322DE5BCA0E6B8852E7A6970, 0x433A2F55736572732F41646D696E6973747261746F722F4465736B746F702F576562436F6E74656E742F5745422D494E462F6E6F74696365646174612F312F32352F31313530333037303332322DE5BCA0E6B8852E7A6970, '2018-05-28 10:46:12');
INSERT INTO `file` VALUES ('201', '5', '25', 0x3131353033303730333131E79AAEE889B3E8908D2E726172, 0x433A2F55736572732F41646D696E6973747261746F722F4465736B746F702F576562436F6E74656E742F5745422D494E462F6E6F74696365646174612F312F32352F3131353033303730333131E79AAEE889B3E8908D2E726172, '2018-05-28 10:46:13');
INSERT INTO `file` VALUES ('202', '29', '25', 0x3131353033303730333336E78E8BE697AD2E7A6970, 0x433A2F55736572732F41646D696E6973747261746F722F4465736B746F702F576562436F6E74656E742F5745422D494E462F6E6F74696365646174612F312F32352F3131353033303730333336E78E8BE697AD2E7A6970, '2018-05-28 10:48:10');
INSERT INTO `file` VALUES ('203', '23', '25', 0x3131353033303730333330E5BCA0E5AEB8E6BA902E726172, 0x433A2F55736572732F41646D696E6973747261746F722F4465736B746F702F576562436F6E74656E742F5745422D494E462F6E6F74696365646174612F312F32352F3131353033303730333330E5BCA0E5AEB8E6BA902E726172, '2018-05-28 10:51:49');
INSERT INTO `file` VALUES ('204', '18', '25', 0x3131353033303730333235E794B0E5869B2E7A6970, 0x433A2F55736572732F41646D696E6973747261746F722F4465736B746F702F576562436F6E74656E742F5745422D494E462F6E6F74696365646174612F312F32352F3131353033303730333235E794B0E5869B2E7A6970, '2018-05-28 10:54:27');
INSERT INTO `file` VALUES ('205', '21', '25', 0x31313530333037303332385FE58898E4B880E88FA02E7A6970, 0x433A2F55736572732F41646D696E6973747261746F722F4465736B746F702F576562436F6E74656E742F5745422D494E462F6E6F74696365646174612F312F32352F31313530333037303332385FE58898E4B880E88FA02E7A6970, '2018-05-28 11:13:51');
INSERT INTO `file` VALUES ('206', '22', '25', 0x3131353033303730333239E5BCA0E89393E895BE2E7A6970, 0x433A2F55736572732F41646D696E6973747261746F722F4465736B746F702F576562436F6E74656E742F5745422D494E462F6E6F74696365646174612F312F32352F3131353033303730333239E5BCA0E89393E895BE2E7A6970, '2018-05-28 11:10:57');
INSERT INTO `file` VALUES ('207', '45', '25', 0x31313530333037303333315FE69687E698BEE8839C2E726172, 0x433A2F55736572732F41646D696E6973747261746F722F4465736B746F702F576562436F6E74656E742F5745422D494E462F6E6F74696365646174612F312F32352F31313530333037303333315FE69687E698BEE8839C2E726172, '2018-05-28 11:11:42');
INSERT INTO `file` VALUES ('208', '37', '25', 0x31313530333037303330382DE5BCA0E6B4812E726172, 0x433A2F55736572732F41646D696E6973747261746F722F4465736B746F702F576562436F6E74656E742F5745422D494E462F6E6F74696365646174612F312F32352F31313530333037303330382DE5BCA0E6B4812E726172, '2018-05-28 11:14:20');
INSERT INTO `file` VALUES ('209', '13', '25', 0x3131353033303730333138E5BCA0E6A1832E646F63, 0x433A2F55736572732F41646D696E6973747261746F722F4465736B746F702F576562436F6E74656E742F5745422D494E462F6E6F74696365646174612F312F32352F3131353033303730333138E5BCA0E6A1832E646F63, '2018-05-28 11:26:07');
INSERT INTO `file` VALUES ('210', '36', '26', 0x3131353033303730333036E78E8BE59889E680A12E646F6378, 0x433A2F55736572732F41646D696E6973747261746F722F4465736B746F702F576562436F6E74656E742F5745422D494E462F6E6F74696365646174612F312F32362F3131353033303730333036E78E8BE59889E680A12E646F6378, '2018-05-28 20:45:23');
INSERT INTO `file` VALUES ('211', '39', '26', 0x3131353033303730333130E983ADE991AB2E646F6378, 0x433A2F55736572732F41646D696E6973747261746F722F4465736B746F702F576562436F6E74656E742F5745422D494E462F6E6F74696365646174612F312F32362F3131353033303730333130E983ADE991AB2E646F6378, '2018-05-28 20:47:10');
INSERT INTO `file` VALUES ('212', '38', '26', 0x31313530333037303330392DE894A1E69687E991AB2DE6AF9BE6A6822E646F6378, 0x433A2F55736572732F41646D696E6973747261746F722F4465736B746F702F576562436F6E74656E742F5745422D494E462F6E6F74696365646174612F312F32362F31313530333037303330392DE894A1E69687E991AB2DE6AF9BE6A6822E646F6378, '2018-05-28 20:52:25');
INSERT INTO `file` VALUES ('213', '42', '26', 0x31313530333037303330355FE8B5B5E69880E5BAB72E646F6378, 0x433A2F55736572732F41646D696E6973747261746F722F4465736B746F702F576562436F6E74656E742F5745422D494E462F6E6F74696365646174612F312F32362F31313530333037303330355FE8B5B5E69880E5BAB72E646F6378, '2018-05-28 21:32:53');
INSERT INTO `file` VALUES ('214', '5', '26', 0x3131353033303730333131E79AAEE889B3E8908D2E646F6378, 0x433A2F55736572732F41646D696E6973747261746F722F4465736B746F702F576562436F6E74656E742F5745422D494E462F6E6F74696365646174612F312F32362F3131353033303730333131E79AAEE889B3E8908D2E646F6378, '2018-05-28 21:39:32');
INSERT INTO `file` VALUES ('215', '25', '26', 0x313135303330373033333220E883A1E698A52E646F6378, 0x433A2F55736572732F41646D696E6973747261746F722F4465736B746F702F576562436F6E74656E742F5745422D494E462F6E6F74696365646174612F312F32362F313135303330373033333220E883A1E698A52E646F6378, '2018-05-28 21:42:43');
INSERT INTO `file` VALUES ('216', '31', '26', 0x3131353033303730333339E69E97E5B091E7919C2E646F6378, 0x433A2F55736572732F41646D696E6973747261746F722F4465736B746F702F576562436F6E74656E742F5745422D494E462F6E6F74696365646174612F312F32362F3131353033303730333339E69E97E5B091E7919C2E646F6378, '2018-05-28 21:52:09');
INSERT INTO `file` VALUES ('217', '11', '26', 0x3131353033303730333135E5B0B9E5B08FE88AB32E646F6378, 0x433A2F55736572732F41646D696E6973747261746F722F4465736B746F702F576562436F6E74656E742F5745422D494E462F6E6F74696365646174612F312F32362F3131353033303730333135E5B0B9E5B08FE88AB32E646F6378, '2018-05-28 22:04:12');
INSERT INTO `file` VALUES ('218', '1', '26', 0x3131353033303730333033E5BCA0E68CAFE696B92E646F6378, 0x433A2F55736572732F41646D696E6973747261746F722F4465736B746F702F576562436F6E74656E742F5745422D494E462F6E6F74696365646174612F312F32362F3131353033303730333033E5BCA0E68CAFE696B92E646F6378, '2018-05-28 22:12:13');
INSERT INTO `file` VALUES ('219', '20', '26', 0x3131353033303730333237E8B5B5E5B08FE9948B2E646F6378, 0x433A2F55736572732F41646D696E6973747261746F722F4465736B746F702F576562436F6E74656E742F5745422D494E462F6E6F74696365646174612F312F32362F3131353033303730333237E8B5B5E5B08FE9948B2E646F6378, '2018-05-28 22:18:30');
INSERT INTO `file` VALUES ('220', '23', '26', 0x3131353033303730333330E5BCA0E5AEB8E6BA902E646F6378, 0x433A2F55736572732F41646D696E6973747261746F722F4465736B746F702F576562436F6E74656E742F5745422D494E462F6E6F74696365646174612F312F32362F3131353033303730333330E5BCA0E5AEB8E6BA902E646F6378, '2018-05-28 22:26:10');
INSERT INTO `file` VALUES ('221', '17', '26', 0x3131353033303730333233E8A281E88A99E893892E646F6378, 0x433A2F55736572732F41646D696E6973747261746F722F4465736B746F702F576562436F6E74656E742F5745422D494E462F6E6F74696365646174612F312F32362F3131353033303730333233E8A281E88A99E893892E646F6378, '2018-05-28 22:26:36');
INSERT INTO `file` VALUES ('222', '45', '26', 0x31313530333037303333315FE69687E698BEE8839C2E726172, 0x433A2F55736572732F41646D696E6973747261746F722F4465736B746F702F576562436F6E74656E742F5745422D494E462F6E6F74696365646174612F312F32362F31313530333037303333315FE69687E698BEE8839C2E726172, '2018-05-28 22:38:31');
INSERT INTO `file` VALUES ('223', '4', '26', 0x3131353033303730333234E98293E88AAE2E646F6378, 0x433A2F55736572732F41646D696E6973747261746F722F4465736B746F702F576562436F6E74656E742F5745422D494E462F6E6F74696365646174612F312F32362F3131353033303730333234E98293E88AAE2E646F6378, '2018-05-28 22:39:01');
INSERT INTO `file` VALUES ('224', '16', '26', 0x31313530333037303332322DE5BCA0E6B8852E646F6378, 0x433A2F55736572732F41646D696E6973747261746F722F4465736B746F702F576562436F6E74656E742F5745422D494E462F6E6F74696365646174612F312F32362F31313530333037303332322DE5BCA0E6B8852E646F6378, '2018-05-28 22:41:58');
INSERT INTO `file` VALUES ('225', '2', '26', 0x3131353033303730333133E4BD95E6B4AAE78E892E646F6378, 0x433A2F55736572732F41646D696E6973747261746F722F4465736B746F702F576562436F6E74656E742F5745422D494E462F6E6F74696365646174612F312F32362F3131353033303730333133E4BD95E6B4AAE78E892E646F6378, '2018-05-28 22:47:30');
INSERT INTO `file` VALUES ('226', '28', '26', 0x31313530333037303333355FE78E8BE685A2E685A22E646F6378, 0x433A2F55736572732F41646D696E6973747261746F722F4465736B746F702F576562436F6E74656E742F5745422D494E462F6E6F74696365646174612F312F32362F31313530333037303333355FE78E8BE685A2E685A22E646F6378, '2018-05-28 22:55:04');
INSERT INTO `file` VALUES ('227', '34', '26', 0x31313530333037303330325FE5B0B9E7A58EE5A0832E646F6378, 0x433A2F55736572732F41646D696E6973747261746F722F4465736B746F702F576562436F6E74656E742F5745422D494E462F6E6F74696365646174612F312F32362F31313530333037303330325FE5B0B9E7A58EE5A0832E646F6378, '2018-05-28 23:07:31');
INSERT INTO `file` VALUES ('228', '21', '26', 0x31313530333037303332385FE58898E4B880E88FA02E646F6378, 0x433A2F55736572732F41646D696E6973747261746F722F4465736B746F702F576562436F6E74656E742F5745422D494E462F6E6F74696365646174612F312F32362F31313530333037303332385FE58898E4B880E88FA02E646F6378, '2018-05-28 23:12:01');
INSERT INTO `file` VALUES ('229', '9', '26', 0x31313530333037303331345FE5BB96E7A780E889B32E646F6378, 0x433A2F55736572732F41646D696E6973747261746F722F4465736B746F702F576562436F6E74656E742F5745422D494E462F6E6F74696365646174612F312F32362F31313530333037303331345FE5BB96E7A780E889B32E646F6378, '2018-05-28 23:13:23');
INSERT INTO `file` VALUES ('230', '29', '26', 0x3131353033303730333336E78E8BE697AD2E646F6378, 0x433A2F55736572732F41646D696E6973747261746F722F4465736B746F702F576562436F6E74656E742F5745422D494E462F6E6F74696365646174612F312F32362F3131353033303730333336E78E8BE697AD2E646F6378, '2018-05-28 23:18:56');
INSERT INTO `file` VALUES ('231', '14', '26', 0x3131353033303730333231E99988E4BF8AE5AE875FE7ACACE58D81E59B9BE7ABA0E5ADA6E4B9A0E7AC94E8AEB02E646F6378, 0x433A2F55736572732F41646D696E6973747261746F722F4465736B746F702F576562436F6E74656E742F5745422D494E462F6E6F74696365646174612F312F32362F3131353033303730333231E99988E4BF8AE5AE875FE7ACACE58D81E59B9BE7ABA0E5ADA6E4B9A0E7AC94E8AEB02E646F6378, '2018-05-28 23:29:21');
INSERT INTO `file` VALUES ('232', '43', '26', 0x3131353033303730333137E591A8E69DB02E646F6378, 0x433A2F55736572732F41646D696E6973747261746F722F4465736B746F702F576562436F6E74656E742F5745422D494E462F6E6F74696365646174612F312F32362F3131353033303730333137E591A8E69DB02E646F6378, '2018-05-28 23:37:49');
INSERT INTO `file` VALUES ('233', '19', '26', 0x3131353033303730333236E5BCA0E9BA92E991AB2E646F6378, 0x433A2F55736572732F41646D696E6973747261746F722F4465736B746F702F576562436F6E74656E742F5745422D494E462F6E6F74696365646174612F312F32362F3131353033303730333236E5BCA0E9BA92E991AB2E646F6378, '2018-05-28 23:50:33');
INSERT INTO `file` VALUES ('234', '3', '26', 0x3131353033303730333337E78E8BE59089E88BB12E646F6378, 0x433A2F55736572732F41646D696E6973747261746F722F4465736B746F702F576562436F6E74656E742F5745422D494E462F6E6F74696365646174612F312F32362F3131353033303730333337E78E8BE59089E88BB12E646F6378, '2018-05-28 23:51:52');
INSERT INTO `file` VALUES ('235', '30', '26', 0x3131353033303730333338E8B0ADE4B8ADE6ADA32E646F6378, 0x433A2F55736572732F41646D696E6973747261746F722F4465736B746F702F576562436F6E74656E742F5745422D494E462F6E6F74696365646174612F312F32362F3131353033303730333338E8B0ADE4B8ADE6ADA32E646F6378, '2018-05-29 00:07:22');
INSERT INTO `file` VALUES ('236', '8', '26', 0x3131353033303730333136E69D8EE6958F2E646F63, 0x433A2F55736572732F41646D696E6973747261746F722F4465736B746F702F576562436F6E74656E742F5745422D494E462F6E6F74696365646174612F312F32362F3131353033303730333136E69D8EE6958F2E646F63, '2018-05-29 00:11:42');
INSERT INTO `file` VALUES ('237', '44', '26', 0x31313530333037303332305FE7A7A6E5AE87E888AA5FE6AF9BE6A6822E646F6378, 0x433A2F55736572732F41646D696E6973747261746F722F4465736B746F702F576562436F6E74656E742F5745422D494E462F6E6F74696365646174612F312F32362F31313530333037303332305FE7A7A6E5AE87E888AA5FE6AF9BE6A6822E646F6378, '2018-05-29 00:40:51');
INSERT INTO `file` VALUES ('238', '33', '26', 0x31313530333037303330312DE4BB98E78F8A2E646F6378, 0x433A2F55736572732F41646D696E6973747261746F722F4465736B746F702F576562436F6E74656E742F5745422D494E462F6E6F74696365646174612F312F32362F31313530333037303330312DE4BB98E78F8A2E646F6378, '2018-05-29 01:28:38');
INSERT INTO `file` VALUES ('239', '72', '26', 0x31313330333037303330355FE7868AE5A3AE2E7A6970, 0x433A2F55736572732F41646D696E6973747261746F722F4465736B746F702F576562436F6E74656E742F5745422D494E462F6E6F74696365646174612F312F32362F31313330333037303330355FE7868AE5A3AE2E7A6970, '2018-05-29 01:36:45');
INSERT INTO `file` VALUES ('240', '27', '26', 0x3131353033303730333334E78E8BE991ABE991AB2E646F6378, 0x433A2F55736572732F41646D696E6973747261746F722F4465736B746F702F576562436F6E74656E742F5745422D494E462F6E6F74696365646174612F312F32362F3131353033303730333334E78E8BE991ABE991AB2E646F6378, '2018-05-29 08:03:09');
INSERT INTO `file` VALUES ('241', '18', '26', 0x3131353033303730333235E794B0E5869B2E646F6378, 0x433A2F55736572732F41646D696E6973747261746F722F4465736B746F702F576562436F6E74656E742F5745422D494E462F6E6F74696365646174612F312F32362F3131353033303730333235E794B0E5869B2E646F6378, '2018-05-29 08:39:27');
INSERT INTO `file` VALUES ('242', '40', '26', 0x3131353033303730333132E6B4AAE6B89DE6B69B2E646F6378, 0x433A2F55736572732F41646D696E6973747261746F722F4465736B746F702F576562436F6E74656E742F5745422D494E462F6E6F74696365646174612F312F32362F3131353033303730333132E6B4AAE6B89DE6B69B2E646F6378, '2018-05-29 08:51:14');
INSERT INTO `file` VALUES ('243', '37', '26', 0x31313530333037303330385FE5BCA0E6B4812E646F6378, 0x433A2F55736572732F41646D696E6973747261746F722F4465736B746F702F576562436F6E74656E742F5745422D494E462F6E6F74696365646174612F312F32362F31313530333037303330385FE5BCA0E6B4812E646F6378, '2018-05-29 09:06:31');
INSERT INTO `file` VALUES ('244', '22', '26', 0x3131353033303730333239E5BCA0E89393E895BE2E646F6378, 0x433A2F55736572732F41646D696E6973747261746F722F4465736B746F702F576562436F6E74656E742F5745422D494E462F6E6F74696365646174612F312F32362F3131353033303730333239E5BCA0E89393E895BE2E646F6378, '2018-05-29 10:25:24');
INSERT INTO `file` VALUES ('245', '197', '26', 0x3131343033303730333230E9BB84E9B98FE9A39E2E646F6378, 0x433A2F55736572732F41646D696E6973747261746F722F4465736B746F702F576562436F6E74656E742F5745422D494E462F6E6F74696365646174612F312F32362F3131343033303730333230E9BB84E9B98FE9A39E2E646F6378, '2018-05-29 16:21:24');
INSERT INTO `file` VALUES ('246', '41', '26', 0x3131343033303730333332E69CB1E59DA4E6AF9BE6A6822E646F6378, 0x433A2F55736572732F41646D696E6973747261746F722F4465736B746F702F576562436F6E74656E742F5745422D494E462F6E6F74696365646174612F312F32362F3131343033303730333332E69CB1E59DA4E6AF9BE6A6822E646F6378, '2018-05-29 16:22:14');
INSERT INTO `file` VALUES ('247', '1', '28', 0x3131353033303730333033E5BCA0E68CAFE696B92E726172, 0x433A2F55736572732F41646D696E6973747261746F722F4465736B746F702F576562436F6E74656E742F5745422D494E462F6E6F74696365646174612F342F32382F3131353033303730333033E5BCA0E68CAFE696B92E726172, '2018-06-10 09:55:58');
INSERT INTO `file` VALUES ('248', '37', '29', 0x31313530333037303330385FE5BCA0E6B4812E726172, 0x433A2F55736572732F41646D696E6973747261746F722F4465736B746F702F576562436F6E74656E742F5745422D494E462F6E6F74696365646174612F342F32392F31313530333037303330385FE5BCA0E6B4812E726172, '2018-06-09 23:35:26');
INSERT INTO `file` VALUES ('249', '43', '29', 0x3131353033303730333137E591A8E69DB02E726172, 0x433A2F55736572732F41646D696E6973747261746F722F4465736B746F702F576562436F6E74656E742F5745422D494E462F6E6F74696365646174612F342F32392F3131353033303730333137E591A8E69DB02E726172, '2018-06-10 02:01:23');
INSERT INTO `file` VALUES ('250', '17', '28', 0x3131353033303730333233E8A281E88A99E893892E7A6970, 0x433A2F55736572732F41646D696E6973747261746F722F4465736B746F702F576562436F6E74656E742F5745422D494E462F6E6F74696365646174612F342F32382F3131353033303730333233E8A281E88A99E893892E7A6970, '2018-06-10 02:02:22');
INSERT INTO `file` VALUES ('251', '22', '28', 0x3131353033303730333239E5BCA0E89393E895BE2E7A6970, 0x433A2F55736572732F41646D696E6973747261746F722F4465736B746F702F576562436F6E74656E742F5745422D494E462F6E6F74696365646174612F342F32382F3131353033303730333239E5BCA0E89393E895BE2E7A6970, '2018-06-10 02:13:03');
INSERT INTO `file` VALUES ('252', '38', '29', 0x31313530333037303330395FE894A1E69687E991AB2E377A, 0x433A2F55736572732F41646D696E6973747261746F722F4465736B746F702F576562436F6E74656E742F5745422D494E462F6E6F74696365646174612F342F32392F31313530333037303330395FE894A1E69687E991AB2E377A, '2018-06-10 02:46:58');
INSERT INTO `file` VALUES ('253', '29', '28', 0xE78E8BE697AD31313530333037303333362E7A6970, 0x433A2F55736572732F41646D696E6973747261746F722F4465736B746F702F576562436F6E74656E742F5745422D494E462F6E6F74696365646174612F342F32382FE78E8BE697AD31313530333037303333362E7A6970, '2018-06-10 03:46:09');
INSERT INTO `file` VALUES ('254', '2', '28', 0x3131353033303730333133E4BD95E6B4AAE78E892E726172, 0x433A2F55736572732F41646D696E6973747261746F722F4465736B746F702F576562436F6E74656E742F5745422D494E462F6E6F74696365646174612F342F32382F3131353033303730333133E4BD95E6B4AAE78E892E726172, '2018-06-10 03:49:34');
INSERT INTO `file` VALUES ('255', '72', '29', 0x31313330333037303330355FE7868AE5A3AE2E646F63, 0x433A2F55736572732F41646D696E6973747261746F722F4465736B746F702F576562436F6E74656E742F5745422D494E462F6E6F74696365646174612F342F32392F31313330333037303330355FE7868AE5A3AE2E646F63, '2018-06-10 04:30:27');
INSERT INTO `file` VALUES ('256', '20', '28', 0x3131353033303730333237E8B5B5E5B08FE9948B2E7A6970, 0x433A2F55736572732F41646D696E6973747261746F722F4465736B746F702F576562436F6E74656E742F5745422D494E462F6E6F74696365646174612F342F32382F3131353033303730333237E8B5B5E5B08FE9948B2E7A6970, '2018-06-10 05:52:25');
INSERT INTO `file` VALUES ('257', '45', '28', 0x31313530333037303333315FE69687E698BEE8839C2E726172, 0x433A2F55736572732F41646D696E6973747261746F722F4465736B746F702F576562436F6E74656E742F5745422D494E462F6E6F74696365646174612F342F32382F31313530333037303333315FE69687E698BEE8839C2E726172, '2018-06-10 04:47:16');
INSERT INTO `file` VALUES ('258', '19', '28', 0x3131353033303730333236E5BCA0E9BA92E991AB2E726172, 0x433A2F55736572732F41646D696E6973747261746F722F4465736B746F702F576562436F6E74656E742F5745422D494E462F6E6F74696365646174612F342F32382F3131353033303730333236E5BCA0E9BA92E991AB2E726172, '2018-06-10 05:05:35');
INSERT INTO `file` VALUES ('259', '13', '26', 0x3131353033303730333138E5BCA0E6A1832E646F6378, 0x433A2F55736572732F41646D696E6973747261746F722F4465736B746F702F576562436F6E74656E742F5745422D494E462F6E6F74696365646174612F312F32362F3131353033303730333138E5BCA0E6A1832E646F6378, '2018-06-10 05:41:50');
INSERT INTO `file` VALUES ('260', '44', '28', 0x31313530333037303332305FE7A7A6E5AE87E888AA2E726172, 0x433A2F55736572732F41646D696E6973747261746F722F4465736B746F702F576562436F6E74656E742F5745422D494E462F6E6F74696365646174612F342F32382F31313530333037303332305FE7A7A6E5AE87E888AA2E726172, '2018-06-10 06:55:04');
INSERT INTO `file` VALUES ('261', '23', '28', 0x3131353033303730333330E5BCA0E5AEB8E6BA902E726172, 0x433A2F55736572732F41646D696E6973747261746F722F4465736B746F702F576562436F6E74656E742F5745422D494E462F6E6F74696365646174612F342F32382F3131353033303730333330E5BCA0E5AEB8E6BA902E726172, '2018-06-10 06:55:17');
INSERT INTO `file` VALUES ('262', '21', '29', 0x31313530333037303332385FE58898E4B880E88FA02E726172, 0x433A2F55736572732F41646D696E6973747261746F722F4465736B746F702F576562436F6E74656E742F5745422D494E462F6E6F74696365646174612F342F32392F31313530333037303332385FE58898E4B880E88FA02E726172, '2018-06-10 08:35:35');
INSERT INTO `file` VALUES ('263', '33', '28', 0x31313530333037303330312DE4BB98E78F8A2E726172, 0x433A2F55736572732F41646D696E6973747261746F722F4465736B746F702F576562436F6E74656E742F5745422D494E462F6E6F74696365646174612F342F32382F31313530333037303330312DE4BB98E78F8A2E726172, '2018-06-10 08:01:00');
INSERT INTO `file` VALUES ('264', '28', '28', 0x31313530333037303333355FE78E8BE685A2E685A22E377A, 0x433A2F55736572732F41646D696E6973747261746F722F4465736B746F702F576562436F6E74656E742F5745422D494E462F6E6F74696365646174612F342F32382F31313530333037303333355FE78E8BE685A2E685A22E377A, '2018-06-10 07:37:02');
INSERT INTO `file` VALUES ('265', '30', '28', 0x3131353033303730333338E8B0ADE4B8ADE6ADA32E7A6970, 0x433A2F55736572732F41646D696E6973747261746F722F4465736B746F702F576562436F6E74656E742F5745422D494E462F6E6F74696365646174612F342F32382F3131353033303730333338E8B0ADE4B8ADE6ADA32E7A6970, '2018-06-10 07:58:03');
INSERT INTO `file` VALUES ('266', '18', '28', 0x3131353033303730333235E794B0E5869B2E7A6970, 0x433A2F55736572732F41646D696E6973747261746F722F4465736B746F702F576562436F6E74656E742F5745422D494E462F6E6F74696365646174612F342F32382F3131353033303730333235E794B0E5869B2E7A6970, '2018-06-10 08:28:56');
INSERT INTO `file` VALUES ('267', '11', '28', 0x3131353033303730333135E5B0B9E5B08FE88AB32E726172, 0x433A2F55736572732F41646D696E6973747261746F722F4465736B746F702F576562436F6E74656E742F5745422D494E462F6E6F74696365646174612F342F32382F3131353033303730333135E5B0B9E5B08FE88AB32E726172, '2018-06-10 09:07:41');
INSERT INTO `file` VALUES ('268', '3', '28', 0x3131353033303730333337E78E8BE59089E88BB12E7A6970, 0x433A2F55736572732F41646D696E6973747261746F722F4465736B746F702F576562436F6E74656E742F5745422D494E462F6E6F74696365646174612F342F32382F3131353033303730333337E78E8BE59089E88BB12E7A6970, '2018-06-10 09:12:17');
INSERT INTO `file` VALUES ('269', '14', '28', 0x3131353033303730333231E99988E4BF8AE5AE872E726172, 0x433A2F55736572732F41646D696E6973747261746F722F4465736B746F702F576562436F6E74656E742F5745422D494E462F6E6F74696365646174612F342F32382F3131353033303730333231E99988E4BF8AE5AE872E726172, '2018-06-10 09:52:30');
INSERT INTO `file` VALUES ('270', '4', '28', 0x3131353033303730333234E98293E88AAE2E7A6970, 0x433A2F55736572732F41646D696E6973747261746F722F4465736B746F702F576562436F6E74656E742F5745422D494E462F6E6F74696365646174612F342F32382F3131353033303730333234E98293E88AAE2E7A6970, '2018-06-10 09:55:32');
INSERT INTO `file` VALUES ('271', '13', '29', 0x3131353033303730333138E5BCA0E6A1832E726172, 0x433A2F55736572732F41646D696E6973747261746F722F4465736B746F702F576562436F6E74656E742F5745422D494E462F6E6F74696365646174612F342F32392F3131353033303730333138E5BCA0E6A1832E726172, '2018-06-10 10:07:09');
INSERT INTO `file` VALUES ('272', '27', '29', 0x3131353033303730333334E78E8BE991ABE991AB2E377A, 0x433A2F55736572732F41646D696E6973747261746F722F4465736B746F702F576562436F6E74656E742F5745422D494E462F6E6F74696365646174612F342F32392F3131353033303730333334E78E8BE991ABE991AB2E377A, '2018-06-10 10:15:54');
INSERT INTO `file` VALUES ('273', '7', '12', 0xE589AFE69CACE999842E786C73, 0x6E6F74696365646174612F312F31322FE589AFE69CACE999842E786C73, '2018-06-18 14:18:22');
INSERT INTO `file` VALUES ('274', '1', '12', 0x757365726C6F672E73716C, 0x6E6F74696365646174612F312F31322F5C757365726C6F672E73716C, '2018-06-28 15:11:55');

-- ----------------------------
-- Table structure for notice
-- ----------------------------
DROP TABLE IF EXISTS `notice`;
CREATE TABLE `notice` (
  `noticeid` bigint(20) NOT NULL AUTO_INCREMENT,
  `userid` bigint(20) DEFAULT NULL,
  `notice` varchar(255) COLLATE utf8_bin NOT NULL,
  `starttime` datetime DEFAULT NULL,
  `deadline` datetime DEFAULT NULL,
  `path` text COLLATE utf8_bin,
  `type` int(11) DEFAULT NULL,
  `description` text COLLATE utf8_bin,
  PRIMARY KEY (`noticeid`),
  KEY `userid` (`userid`),
  CONSTRAINT `FKrknh3o914vw48uhu7335n59dl` FOREIGN KEY (`userid`) REFERENCES `user` (`userid`),
  CONSTRAINT `userid` FOREIGN KEY (`userid`) REFERENCES `user` (`userid`)
) ENGINE=InnoDB AUTO_INCREMENT=31 DEFAULT CHARSET=utf8 COLLATE=utf8_bin;

-- ----------------------------
-- Records of notice
-- ----------------------------
INSERT INTO `notice` VALUES ('12', '1', '', '2018-04-06 23:59:00', '2018-04-06 00:59:00', 0x6E6F74696365646174612F312F31322F, '1', 0xE68F8FE8BFB0);
INSERT INTO `notice` VALUES ('13', '1', 'Web1150307038', '2018-04-15 23:59:00', '2018-05-02 15:59:00', 0x6E6F74696365646174612F312F31332F, '1', 0xE591BDE5908DE696B9E5BC8FEFBC9AE5ADA6E58FB7E5A793E5908DEFBC8CE9878DE5A48DE68F90E4BAA4E8A686E79B96E4B98BE5898DE68F90E4BAA4E79A84);
INSERT INTO `notice` VALUES ('14', '1', '', '2018-04-16 23:59:00', '2018-04-16 03:59:00', 0x6E6F74696365646174612F312F31342F, '0', 0xE68F8FE8BFB0);
INSERT INTO `notice` VALUES ('15', '1', '153732', '2018-04-19 23:59:00', '2018-04-30 23:59:00', 0x6E6F74696365646174612F312F31352F, '0', 0xE4BBA5E5ADA6E58FB7E5A793E5908DE591BDE5908DE69687E4BBB6);
INSERT INTO `notice` VALUES ('16', '74', 'WEB', '2018-04-21 00:00:00', '2018-04-22 00:00:00', 0x6E6F74696365646174612F37342F31362F, '0', 0xE5AE9EE9AA8CE585AB);
INSERT INTO `notice` VALUES ('18', '4', 'arvbj', '2018-04-04 00:59:00', '2018-05-05 00:59:00', 0x6E6F74696365646174612F342F31382F, '0', 0x776A72676F70);
INSERT INTO `notice` VALUES ('19', '175', '15374', '2018-04-25 23:59:00', '2018-04-26 12:00:00', 0x6E6F74696365646174612F3137352F31392F, '0', 0xE591BDE5908DE696B9E5BC8FEFBC9AE5ADA6E58FB7E5A793E5908D);
INSERT INTO `notice` VALUES ('20', '1', '15373', '2018-04-30 12:00:00', '2018-05-05 12:00:00', 0x6E6F74696365646174612F312F32302F, '0', 0xE694BEE59CA8E4B880E4B8AAE69687E4BBB6E5A4B9E9878CE784B6E5908EE58E8BE7BCA9);
INSERT INTO `notice` VALUES ('22', '175', '15374', '2018-05-03 12:00:00', '2018-05-05 17:00:00', 0x6E6F74696365646174612F3137352F32322F, '0', 0xE68980E69C89E69687E4BBB6E694BEE59CA8E4B880E4B8AAE69687E4BBB6E5A4B9E9878CE58E8BE7BCA9);
INSERT INTO `notice` VALUES ('23', '172', '153742', '2018-05-04 06:57:00', '2018-05-04 18:00:00', 0x6E6F74696365646174612F3137322F32332F, '1', 0x3131353033303730343137E69687E5BC80E4BF8A);
INSERT INTO `notice` VALUES ('24', '4', 'Web', '2018-05-14 21:00:00', '2018-05-17 12:00:00', 0x6E6F74696365646174612F342F32342F, '1', 0xE591BDE5908DE696B9E5BC8FEFBC9AE5ADA6E58FB72BE5A793E5908D);
INSERT INTO `notice` VALUES ('25', '1', '15373', '2018-05-23 02:32:00', '2018-05-28 07:00:00', 0x6E6F74696365646174612F312F32352F, '1', 0xE6B3A8E6848FE69687E4BBB6E591BDE5908DE696B9E5BC8F);
INSERT INTO `notice` VALUES ('26', '1', '', '2018-05-28 19:59:00', '2018-05-29 10:00:00', 0x6E6F74696365646174612F312F32362F, '1', 0xE79C8BE5A5BDE697B6E997B4EFBC8CE4B88DE8A681E68B96E68B89EFBC8CE58FAAE4BAA4E794B5E5AD90E6A1A3EFBC8CE58685E5AEB9E6B2A1E69C89E6A0BCE5BC8FE8A681E6B182EFBC8CE5ADA6E58FB7E5A793E5908DE591BDE5908D);
INSERT INTO `notice` VALUES ('28', '4', '3_', '2018-06-09 11:36:00', '2018-06-10 10:00:00', 0x6E6F74696365646174612F342F32382F, '1', 0xE7BBBCE59088E8AFBEE7A88BE8AEBEE8AEA1335FE695B0E5AD97E59BBEE5838F);
INSERT INTO `notice` VALUES ('29', '4', '3_', '2018-06-09 11:38:00', '2018-06-10 10:00:00', 0x6E6F74696365646174612F342F32392F, '1', 0xE7BBBCE59088E8AFBEE7A88BE8AEBEE8AEA1335FE7A7BBE58AA8E5BC80E58F91);
INSERT INTO `notice` VALUES ('30', '1', '', '2018-06-28 23:59:00', '2018-12-31 23:59:00', 0x6E6F74696365646174612F312F3330, '1', 0x617366);

-- ----------------------------
-- Table structure for relationship
-- ----------------------------
DROP TABLE IF EXISTS `relationship`;
CREATE TABLE `relationship` (
  `relationshipid` bigint(20) NOT NULL AUTO_INCREMENT,
  `friendid` bigint(20) NOT NULL,
  `time` datetime NOT NULL,
  `userid` bigint(20) DEFAULT NULL,
  PRIMARY KEY (`relationshipid`),
  KEY `rfk2` (`friendid`) USING BTREE,
  KEY `FKs86qjhc8bpb8ug0rpp16y1llk` (`userid`),
  CONSTRAINT `FKs86qjhc8bpb8ug0rpp16y1llk` FOREIGN KEY (`userid`) REFERENCES `user` (`userid`),
  CONSTRAINT `rfk2` FOREIGN KEY (`friendid`) REFERENCES `user` (`userid`) ON DELETE NO ACTION ON UPDATE NO ACTION
) ENGINE=InnoDB AUTO_INCREMENT=148 DEFAULT CHARSET=utf8 COLLATE=utf8_bin;

-- ----------------------------
-- Records of relationship
-- ----------------------------
INSERT INTO `relationship` VALUES ('1', '1', '2018-04-08 00:00:00', '1');
INSERT INTO `relationship` VALUES ('2', '2', '2018-04-08 00:00:00', '1');
INSERT INTO `relationship` VALUES ('3', '1', '2018-04-08 00:00:00', '1');
INSERT INTO `relationship` VALUES ('4', '2', '2018-04-08 00:00:00', '1');
INSERT INTO `relationship` VALUES ('5', '1', '2018-04-16 00:00:00', '1');
INSERT INTO `relationship` VALUES ('6', '1', '2018-04-16 00:00:00', '2');
INSERT INTO `relationship` VALUES ('7', '1', '2018-04-16 00:00:00', '1');
INSERT INTO `relationship` VALUES ('8', '1', '2018-04-16 00:00:00', '2');
INSERT INTO `relationship` VALUES ('9', '1', '2018-04-16 00:00:00', '2');
INSERT INTO `relationship` VALUES ('10', '1', '2018-04-16 00:00:00', '3');
INSERT INTO `relationship` VALUES ('11', '1', '2018-04-16 00:00:00', '3');
INSERT INTO `relationship` VALUES ('12', '1', '2018-04-16 00:00:00', '3');
INSERT INTO `relationship` VALUES ('13', '1', '2018-04-16 00:00:00', '8');
INSERT INTO `relationship` VALUES ('14', '1', '2018-04-16 00:00:00', '8');
INSERT INTO `relationship` VALUES ('15', '1', '2018-04-16 00:00:00', '16');
INSERT INTO `relationship` VALUES ('16', '1', '2018-04-16 00:00:00', '16');
INSERT INTO `relationship` VALUES ('17', '1', '2018-04-16 00:00:00', null);
INSERT INTO `relationship` VALUES ('18', '1', '2018-04-16 00:00:00', null);
INSERT INTO `relationship` VALUES ('19', '1', '2018-04-16 00:00:00', null);
INSERT INTO `relationship` VALUES ('20', '1', '2018-04-16 00:00:00', null);
INSERT INTO `relationship` VALUES ('21', '1', '2018-04-16 00:00:00', null);
INSERT INTO `relationship` VALUES ('22', '1', '2018-04-16 00:00:00', null);
INSERT INTO `relationship` VALUES ('23', '1', '2018-04-16 00:00:00', null);
INSERT INTO `relationship` VALUES ('24', '1', '2018-04-16 00:00:00', null);
INSERT INTO `relationship` VALUES ('25', '1', '2018-04-16 00:00:00', null);
INSERT INTO `relationship` VALUES ('26', '1', '2018-04-16 00:00:00', null);
INSERT INTO `relationship` VALUES ('27', '1', '2018-04-16 00:00:00', null);
INSERT INTO `relationship` VALUES ('28', '1', '2018-04-16 00:00:00', null);
INSERT INTO `relationship` VALUES ('29', '1', '2018-04-16 00:00:00', null);
INSERT INTO `relationship` VALUES ('30', '1', '2018-04-16 00:00:00', null);
INSERT INTO `relationship` VALUES ('31', '1', '2018-04-16 00:00:00', null);
INSERT INTO `relationship` VALUES ('33', '1', '2018-04-16 00:00:00', null);
INSERT INTO `relationship` VALUES ('34', '1', '2018-04-16 00:00:00', null);
INSERT INTO `relationship` VALUES ('35', '1', '2018-04-16 00:00:00', null);
INSERT INTO `relationship` VALUES ('36', '1', '2018-04-16 00:00:00', null);
INSERT INTO `relationship` VALUES ('37', '1', '2018-04-16 00:00:00', null);
INSERT INTO `relationship` VALUES ('38', '4', '2018-04-17 00:00:00', null);
INSERT INTO `relationship` VALUES ('39', '8', '2018-04-17 00:00:00', null);
INSERT INTO `relationship` VALUES ('40', '74', '2018-04-19 00:00:00', null);
INSERT INTO `relationship` VALUES ('41', '1', '2018-04-19 00:00:00', null);
INSERT INTO `relationship` VALUES ('43', '1', '2018-04-20 00:00:00', null);
INSERT INTO `relationship` VALUES ('44', '43', '2018-04-20 00:00:00', null);
INSERT INTO `relationship` VALUES ('45', '74', '2018-04-21 00:00:00', null);
INSERT INTO `relationship` VALUES ('54', '175', '2018-04-21 00:00:00', null);
INSERT INTO `relationship` VALUES ('56', '1', '2018-04-21 00:00:00', null);
INSERT INTO `relationship` VALUES ('57', '30', '2018-04-24 00:00:00', null);
INSERT INTO `relationship` VALUES ('58', '4', '2018-04-24 00:00:00', null);
INSERT INTO `relationship` VALUES ('59', '175', '2018-04-25 00:00:00', null);
INSERT INTO `relationship` VALUES ('60', '175', '2018-04-25 00:00:00', null);
INSERT INTO `relationship` VALUES ('61', '175', '2018-04-25 00:00:00', null);
INSERT INTO `relationship` VALUES ('62', '175', '2018-04-25 00:00:00', null);
INSERT INTO `relationship` VALUES ('63', '162', '2018-04-25 00:00:00', null);
INSERT INTO `relationship` VALUES ('64', '175', '2018-04-25 00:00:00', null);
INSERT INTO `relationship` VALUES ('65', '175', '2018-04-25 00:00:00', null);
INSERT INTO `relationship` VALUES ('66', '175', '2018-04-25 00:00:00', null);
INSERT INTO `relationship` VALUES ('67', '175', '2018-04-25 00:00:00', null);
INSERT INTO `relationship` VALUES ('68', '175', '2018-04-25 00:00:00', null);
INSERT INTO `relationship` VALUES ('69', '177', '2018-04-25 00:00:00', null);
INSERT INTO `relationship` VALUES ('70', '178', '2018-04-25 00:00:00', null);
INSERT INTO `relationship` VALUES ('71', '180', '2018-04-25 00:00:00', null);
INSERT INTO `relationship` VALUES ('72', '175', '2018-04-25 00:00:00', null);
INSERT INTO `relationship` VALUES ('73', '175', '2018-04-25 00:00:00', null);
INSERT INTO `relationship` VALUES ('74', '175', '2018-04-26 00:00:00', null);
INSERT INTO `relationship` VALUES ('75', '175', '2018-04-26 00:00:00', null);
INSERT INTO `relationship` VALUES ('76', '175', '2018-04-26 00:00:00', null);
INSERT INTO `relationship` VALUES ('77', '175', '2018-04-26 00:00:00', null);
INSERT INTO `relationship` VALUES ('78', '175', '2018-04-26 00:00:00', null);
INSERT INTO `relationship` VALUES ('79', '1', '2018-04-26 00:00:00', null);
INSERT INTO `relationship` VALUES ('80', '4', '2018-04-26 00:00:00', null);
INSERT INTO `relationship` VALUES ('81', '1', '2018-04-27 00:00:00', null);
INSERT INTO `relationship` VALUES ('82', '175', '2018-05-04 00:00:00', null);
INSERT INTO `relationship` VALUES ('83', '173', '2018-05-04 00:00:00', null);
INSERT INTO `relationship` VALUES ('84', '175', '2018-05-04 00:00:00', null);
INSERT INTO `relationship` VALUES ('85', '175', '2018-05-04 00:00:00', null);
INSERT INTO `relationship` VALUES ('86', '1', '2018-05-05 00:00:00', null);
INSERT INTO `relationship` VALUES ('87', '175', '2018-05-05 00:00:00', null);
INSERT INTO `relationship` VALUES ('88', '175', '2018-05-05 00:00:00', null);
INSERT INTO `relationship` VALUES ('89', '175', '2018-05-05 00:00:00', null);
INSERT INTO `relationship` VALUES ('90', '175', '2018-05-05 00:00:00', null);
INSERT INTO `relationship` VALUES ('91', '175', '2018-05-05 00:00:00', null);
INSERT INTO `relationship` VALUES ('92', '175', '2018-05-05 00:00:00', null);
INSERT INTO `relationship` VALUES ('93', '175', '2018-05-05 00:00:00', null);
INSERT INTO `relationship` VALUES ('94', '175', '2018-05-05 00:00:00', null);
INSERT INTO `relationship` VALUES ('95', '175', '2018-05-05 00:00:00', null);
INSERT INTO `relationship` VALUES ('96', '176', '2018-05-05 00:00:00', null);
INSERT INTO `relationship` VALUES ('97', '175', '2018-05-05 00:00:00', null);
INSERT INTO `relationship` VALUES ('98', '175', '2018-05-05 00:00:00', null);
INSERT INTO `relationship` VALUES ('99', '175', '2018-05-05 00:00:00', null);
INSERT INTO `relationship` VALUES ('100', '4', '2018-05-14 00:00:00', null);
INSERT INTO `relationship` VALUES ('101', '4', '2018-05-14 00:00:00', null);
INSERT INTO `relationship` VALUES ('102', '4', '2018-05-17 00:00:00', null);
INSERT INTO `relationship` VALUES ('103', '4', '2018-05-17 00:00:00', null);
INSERT INTO `relationship` VALUES ('104', '4', '2018-05-21 00:00:00', null);
INSERT INTO `relationship` VALUES ('105', '4', '2018-05-21 00:00:00', null);
INSERT INTO `relationship` VALUES ('106', '4', '2018-05-21 00:00:00', null);
INSERT INTO `relationship` VALUES ('107', '4', '2018-05-21 00:00:00', null);
INSERT INTO `relationship` VALUES ('108', '4', '2018-05-21 00:00:00', null);
INSERT INTO `relationship` VALUES ('109', '4', '2018-05-21 00:00:00', null);
INSERT INTO `relationship` VALUES ('110', '4', '2018-05-21 00:00:00', null);
INSERT INTO `relationship` VALUES ('111', '4', '2018-05-22 00:00:00', null);
INSERT INTO `relationship` VALUES ('112', '4', '2018-05-22 00:00:00', null);
INSERT INTO `relationship` VALUES ('113', '4', '2018-05-22 00:00:00', null);
INSERT INTO `relationship` VALUES ('114', '4', '2018-05-22 00:00:00', null);
INSERT INTO `relationship` VALUES ('115', '4', '2018-05-22 00:00:00', null);
INSERT INTO `relationship` VALUES ('116', '4', '2018-05-22 00:00:00', null);
INSERT INTO `relationship` VALUES ('117', '4', '2018-05-22 00:00:00', null);
INSERT INTO `relationship` VALUES ('118', '4', '2018-05-22 00:00:00', null);
INSERT INTO `relationship` VALUES ('119', '4', '2018-05-22 00:00:00', null);
INSERT INTO `relationship` VALUES ('120', '4', '2018-05-23 00:00:00', null);
INSERT INTO `relationship` VALUES ('121', '4', '2018-05-23 00:00:00', null);
INSERT INTO `relationship` VALUES ('122', '4', '2018-05-23 00:00:00', null);
INSERT INTO `relationship` VALUES ('123', '4', '2018-05-23 00:00:00', null);
INSERT INTO `relationship` VALUES ('124', '4', '2018-05-23 00:00:00', null);
INSERT INTO `relationship` VALUES ('125', '4', '2018-05-23 00:00:00', null);
INSERT INTO `relationship` VALUES ('126', '4', '2018-05-23 00:00:00', null);
INSERT INTO `relationship` VALUES ('127', '4', '2018-05-23 00:00:00', null);
INSERT INTO `relationship` VALUES ('128', '4', '2018-05-24 00:00:00', null);
INSERT INTO `relationship` VALUES ('129', '4', '2018-05-24 00:00:00', null);
INSERT INTO `relationship` VALUES ('131', '4', '2018-05-24 00:00:00', null);
INSERT INTO `relationship` VALUES ('133', '4', '2018-05-24 00:00:00', null);
INSERT INTO `relationship` VALUES ('134', '4', '2018-05-24 00:00:00', null);
INSERT INTO `relationship` VALUES ('135', '4', '2018-05-24 00:00:00', null);
INSERT INTO `relationship` VALUES ('136', '1', '2018-05-28 00:00:00', null);
INSERT INTO `relationship` VALUES ('137', '1', '2018-05-28 00:00:00', null);
INSERT INTO `relationship` VALUES ('138', '1', '2018-05-29 00:00:00', null);
INSERT INTO `relationship` VALUES ('139', '8', '2018-06-08 00:00:00', null);
INSERT INTO `relationship` VALUES ('140', '8', '2018-06-08 00:00:00', null);
INSERT INTO `relationship` VALUES ('141', '8', '2018-06-08 00:00:00', null);
INSERT INTO `relationship` VALUES ('142', '8', '2018-06-08 00:00:00', null);
INSERT INTO `relationship` VALUES ('143', '8', '2018-06-08 00:00:00', null);
INSERT INTO `relationship` VALUES ('146', '1', '2018-06-18 00:00:00', null);

-- ----------------------------
-- Table structure for sharefile
-- ----------------------------
DROP TABLE IF EXISTS `sharefile`;
CREATE TABLE `sharefile` (
  `id` bigint(20) NOT NULL,
  `userid` bigint(20) NOT NULL,
  `path` text COLLATE utf8_bin NOT NULL,
  `time` datetime NOT NULL,
  `description` text COLLATE utf8_bin,
  `filename` varchar(64) COLLATE utf8_bin NOT NULL,
  PRIMARY KEY (`id`),
  KEY `FK_Relationship_4` (`userid`),
  CONSTRAINT `FK72ibl4dk9gomseb32qpd0fbg7` FOREIGN KEY (`userid`) REFERENCES `user` (`userid`) ON DELETE NO ACTION ON UPDATE NO ACTION,
  CONSTRAINT `FK_Relationship_4` FOREIGN KEY (`userid`) REFERENCES `user` (`userid`) ON DELETE NO ACTION ON UPDATE NO ACTION
) ENGINE=InnoDB DEFAULT CHARSET=utf8 COLLATE=utf8_bin;

-- ----------------------------
-- Records of sharefile
-- ----------------------------

-- ----------------------------
-- Table structure for user
-- ----------------------------
DROP TABLE IF EXISTS `user`;
CREATE TABLE `user` (
  `userid` bigint(20) NOT NULL AUTO_INCREMENT,
  `account` bigint(20) NOT NULL,
  `studentnumber` char(16) COLLATE utf8_bin NOT NULL,
  `name` char(16) COLLATE utf8_bin NOT NULL,
  `password` char(16) COLLATE utf8_bin NOT NULL,
  `school` char(16) COLLATE utf8_bin DEFAULT NULL,
  `institute` char(16) COLLATE utf8_bin DEFAULT NULL,
  `major` char(16) COLLATE utf8_bin DEFAULT NULL,
  `classnumber` char(16) COLLATE utf8_bin DEFAULT NULL,
  `phonenumber` char(11) COLLATE utf8_bin DEFAULT NULL,
  `sex` char(4) COLLATE utf8_bin DEFAULT NULL,
  `email` text COLLATE utf8_bin,
  PRIMARY KEY (`userid`)
) ENGINE=InnoDB AUTO_INCREMENT=198 DEFAULT CHARSET=utf8 COLLATE=utf8_bin;

-- ----------------------------
-- Records of user
-- ----------------------------
INSERT INTO `user` VALUES ('1', '11503070303', '11503070303', '', 'afang', '', '', '', '115030703', '17839911994', 'm', 0x313232383433363631374071712E636F6D);
INSERT INTO `user` VALUES ('2', '11503070313', '11503070313', '', '18875052686', '', '', '', '115030703', '18875052686', 'f', 0x323432373230343431304071712E636F6D);
INSERT INTO `user` VALUES ('3', '11503070337', '11503070337', '', '11503070337', '', '', '', '115030703', '1234567890', 'f', 0x333B383B313B33373B);
INSERT INTO `user` VALUES ('4', '11503070324', '11503070324', '', '11503070324', '', '', '', '115030703', '1234567890', 'f', 0x343B313B);
INSERT INTO `user` VALUES ('5', '11503070311', '11503070311', '', '11503070311', '', '', '', '115030703', '1234567890', 'f', 0x353B313B393B323B383B343B);
INSERT INTO `user` VALUES ('7', '0', '0', 'xxx', '0', '0', '0', '0', '0', '1234567890', 'f', 0x373B313B323B333B343B353B363B373B383B393B31303B31313B31323B31333B31343B31353B31363B31373B31383B31393B32303B32313B32323B32333B32343B32353B32363B32373B32383B32393B33303B33313B33323B33333B33343B33353B33363B33373B33383B33393B34303B);
INSERT INTO `user` VALUES ('8', '11503070316', '11503070316', '', '11503070316', '', '', '', '115030703', '1234567890', 'f', 0x313B383B343B);
INSERT INTO `user` VALUES ('9', '11503070314', '11503070314', '', '11503070314', '', '', '', '115030703', '1234567890', 'f', 0x393B313B323B343B353B383B);
INSERT INTO `user` VALUES ('11', '11503070315', '11503070315', '', '11503070315', '', '', '', '115030703', '1234567890', 'f', 0x393B313B323B343B353B383B31313B);
INSERT INTO `user` VALUES ('13', '11503070318', '11503070318', '', '11503070318', '', '', '', '115030703', '1234567890', 'm', 0x393B313B323B343B353B383B31333B);
INSERT INTO `user` VALUES ('14', '11503070321', '11503070321', '', '11503070321', '', '', '', '115030703', '1234567890', 'm', 0x31343B393B313B323B343B353B383B);
INSERT INTO `user` VALUES ('16', '11503070322', '11503070322', '', '11503070322', '', '', '', '115030703', '1234567890', 'm', 0x31363B393B313B323B343B353B383B);
INSERT INTO `user` VALUES ('17', '11503070323', '11503070323', '', '11503070323', '', '', '', '115030703', '1234567890', 'f', 0x31373B393B313B323B343B353B383B);
INSERT INTO `user` VALUES ('18', '11503070325', '11503070325', '', '11503070325', '', '', '', '115030703', '1234567890', 'm', 0x31383B393B313B323B343B353B383B);
INSERT INTO `user` VALUES ('19', '11503070326', '11503070326', '', '11503070326', '', '', '', '115030703', '1234567890', 'm', 0x31393B393B313B323B343B353B383B);
INSERT INTO `user` VALUES ('20', '11503070327', '11503070327', '', '11503070327', '', '', '', '115030703', '1234567890', 'm', 0x32303B393B313B323B353B383B343B);
INSERT INTO `user` VALUES ('21', '11503070328', '11503070328', '', '11503070328', '', '', '', '115030703', '1234567890', 'm', 0x32313B393B313B323B343B353B383B);
INSERT INTO `user` VALUES ('22', '11503070329', '11503070329', '', '11503070329', '', '', '', '115030703', '1234567890', 'm', 0x32323B393B313B323B343B353B383B);
INSERT INTO `user` VALUES ('23', '11503070330', '11503070330', '', '11503070330', '', '', '', '115030703', '1234567890', 'm', 0x32333B393B313B323B343B353B383B);
INSERT INTO `user` VALUES ('25', '11503070332', '11503070332', '', '11503070332', '', '', '', '115030703', '1234567890', 'm', 0x32353B393B313B323B343B353B383B);
INSERT INTO `user` VALUES ('26', '11503070333', '11503070333', '', '11503070333', '', '', '', '115030703', '1234567890', 'm', 0x32363B393B313B323B343B353B383B);
INSERT INTO `user` VALUES ('27', '11503070334', '11503070334', '', '11503070334', '', '', '', '115030703', '1234567890', 'm', 0x32373B393B313B323B343B353B383B);
INSERT INTO `user` VALUES ('28', '11503070335', '11503070335', '', '11503070335', '', '', '', '115030703', '1234567890', 'm', 0x32383B393B313B323B343B353B383B);
INSERT INTO `user` VALUES ('29', '11503070336', '11503070336', '', '11503070336', '', '', '', '115030703', '1234567890', 'm', 0x32393B32393B313B343B353B);
INSERT INTO `user` VALUES ('30', '11503070338', '11503070338', '', '11503070338', '', '', '', '115030703', '17323964176', 'm', 0x313738393830333833374071712E636F6D);
INSERT INTO `user` VALUES ('31', '11503070339', '11503070339', '', '11503070339', '', '', '', '115030703', '1234567890', 'm', 0x393B313B323B343B353B383B);
INSERT INTO `user` VALUES ('33', '11503070301', '11503070301', '', '11503070301', '', '', '', '115030703', '1234567890', 'm', 0x33333B393B313B323B343B353B383B);
INSERT INTO `user` VALUES ('34', '11503070302', '11503070302', '', '11503070302', '', '', '', '115030703', '1234567890', 'm', 0x33343B393B313B323B343B353B383B);
INSERT INTO `user` VALUES ('36', '11503070306', '11503070306', '', '11503070306', '', '', '', '115030703', '1234567890', 'm', 0x33363B393B313B323B343B353B383B);
INSERT INTO `user` VALUES ('37', '11503070308', '11503070308', '', '11503070308', '', '', '', '115030703', '1234567890', 'm', 0x33373B393B313B323B343B353B383B);
INSERT INTO `user` VALUES ('38', '11503070309', '11503070309', '', '11503070309', '', '', '', '115030703', '1234567890', 'm', 0x33383B393B313B323B343B353B383B);
INSERT INTO `user` VALUES ('39', '11503070310', '11503070310', '', '11503070310', '', '', '', '115030703', '1234567890', 'm', 0x33393B393B313B323B343B353B383B);
INSERT INTO `user` VALUES ('40', '11503070312', '11503070312', '', '11503070312', '', '', '', '115030703', '1234567890', 'm', 0x34303B393B313B323B343B353B383B);
INSERT INTO `user` VALUES ('41', '11403070332', '11403070332', '', '11403070332', '', '', '', '115030703', '1234567890', 'm', 0x34313B393B313B323B343B353B383B);
INSERT INTO `user` VALUES ('42', '11503070305', '11503070305', '', '11503070305', '', '', '', '115030703', '1234567890', 'm', 0x313B343B34323B);
INSERT INTO `user` VALUES ('43', '11503070317', '11503070317', '', '11503070317', '', '', '', '115030703', '1234567890', 'm', 0x34333B313B343B);
INSERT INTO `user` VALUES ('44', '11503070320', '11503070320', '', '11503070320', '', '', '', '115030703', '1234567890', 'm', 0x34343B313B343B);
INSERT INTO `user` VALUES ('45', '11503070331', '11503070331', '', '11503070331', '', '', '', '115030703', '1234567890', 'm', 0x313B343B34353B);
INSERT INTO `user` VALUES ('46', '11111111', '11111111', '11111111', 'afang17839911994', '', '', '', '115030703', '1234567890', 'm', 0x313B);
INSERT INTO `user` VALUES ('68', '11503070000', '11503070303', '???', '123456789987', '', '', '', '115030703', '1234567890', 'm', 0x31323334353637383930);
INSERT INTO `user` VALUES ('70', '11503070000', '11503070303', '???', '123456789987', '', '', '', '115030703', '1234567890', 'm', 0x31323334353637383930);
INSERT INTO `user` VALUES ('72', '11303070305', '11303070305', '', '11303070305', '', '', '', '115030703', '17764897801', 'm', 0x31323334353637383930);
INSERT INTO `user` VALUES ('73', '11303070315', '11303070315', '', '11303070315', '', '', '', '115030703', '1234567890', 'm', 0x31323334353637383930);
INSERT INTO `user` VALUES ('74', '11503070136', '11503070136', '', '11503070136', '', '', '', '115030703', '18323158253', 'm', 0x3735393737343132314071712E636F6D31323334353637383930);
INSERT INTO `user` VALUES ('156', '11503070401', '11503070401', '', '11503070401', '', '', '', '115030704', '1234567890', 'm', 0x31323334353637383930);
INSERT INTO `user` VALUES ('157', '11503070402', '11503070402', '', '11503070402', '', '', '', '115030704', '1234567890', 'm', 0x3132333435363738393031323334353637383930);
INSERT INTO `user` VALUES ('158', '11503070403', '11503070403', '', '11503070403', '', '', '', '115030704', '1234567890', 'm', 0x31323334353637383930);
INSERT INTO `user` VALUES ('159', '11503070404', '11503070404', '', '11503070404', '', '', '', '115030704', '1234567890', 'm', 0x31323334353637383930);
INSERT INTO `user` VALUES ('160', '11503070405', '11503070405', '', '11503070405', '', '', '', '115030704', '1234567890', 'm', 0x31323334353637383930);
INSERT INTO `user` VALUES ('161', '11503070406', '11503070406', '', '11503070406', '', '', '', '115030704', '1234567890', 'm', 0x31323334353637383930);
INSERT INTO `user` VALUES ('162', '11503070407', '11503070407', '', '11503070407', '', '', '', '115030704', '1234567890', 'm', 0x31323334353637383930);
INSERT INTO `user` VALUES ('163', '11503070408', '11503070408', '', '11503070408', '', '', '', '115030704', '1234567890', 'm', 0x31323334353637383930);
INSERT INTO `user` VALUES ('164', '11503070409', '11503070409', '', '11503070409', '', '', '', '115030704', '1234567890', 'm', 0x31323334353637383930);
INSERT INTO `user` VALUES ('165', '11503070410', '11503070410', '', '11503070410', '', '', '', '115030704', '1234567890', 'm', 0x31323334353637383930);
INSERT INTO `user` VALUES ('166', '11503070411', '11503070411', '', '11503070411', '', '', '', '115030704', '1234567890', 'm', 0x31323334353637383930);
INSERT INTO `user` VALUES ('167', '11503070412', '11503070412', '', '11503070412', '', '', '', '115030704', '1234567890', 'm', 0x31323334353637383930);
INSERT INTO `user` VALUES ('168', '11503070413', '11503070413', '', '11503070413', '', '', '', '115030704', '1234567890', 'm', 0x31323334353637383930);
INSERT INTO `user` VALUES ('169', '11503070414', '11503070414', '', '11503070414', '', '', '', '115030704', '1234567890', 'm', 0x31323334353637383930);
INSERT INTO `user` VALUES ('170', '11503070415', '11503070415', '', '11503070415', '', '', '', '115030704', '1234567890', 'm', 0x31323334353637383930);
INSERT INTO `user` VALUES ('171', '11503070416', '11503070416', '', '11503070416', '', '', '', '115030704', '1234567890', 'm', 0x31323334353637383930);
INSERT INTO `user` VALUES ('172', '11503070417', '11503070417', '', '11503070417', '', '', '', '115030704', '1234567890', 'm', 0x31323334353637383930);
INSERT INTO `user` VALUES ('173', '11503070418', '11503070418', '', '11503070418', '', '', '', '115030704', '1234567890', 'm', 0x31323334353637383930);
INSERT INTO `user` VALUES ('174', '11503070419', '11503070419', '', '11503070419', '', '', '', '115030704', '1234567890', 'm', 0x31323334353637383930);
INSERT INTO `user` VALUES ('175', '11503070420', '11503070420', '', '11503070420', '', '', '', '115030704', '1234567890', 'm', 0x31323334353637383930);
INSERT INTO `user` VALUES ('176', '11503070421', '11503070421', '', '11503070421', '', '', '', '115030704', '1234567890', 'm', 0x31323334353637383930);
INSERT INTO `user` VALUES ('177', '11503070422', '11503070422', '', '11503070422', '', '', '', '115030704', '1234567890', 'm', 0x31323334353637383930);
INSERT INTO `user` VALUES ('178', '11503070423', '11503070423', '', '11503070423', '', '', '', '115030704', '1234567890', 'm', 0x31323334353637383930);
INSERT INTO `user` VALUES ('179', '11503070424', '11503070424', '', '11503070424', '', '', '', '115030704', '1234567890', 'm', 0x31323334353637383930);
INSERT INTO `user` VALUES ('180', '11503070425', '11503070425', '', '11503070425', '', '', '', '115030704', '1234567890', 'm', 0x31323334353637383930);
INSERT INTO `user` VALUES ('181', '11503070426', '11503070426', '', '11503070426', '', '', '', '115030704', '1234567890', 'm', 0x31323334353637383930);
INSERT INTO `user` VALUES ('182', '11503070427', '11503070427', '', '11503070427', '', '', '', '115030704', '1234567890', 'm', 0x31323334353637383930);
INSERT INTO `user` VALUES ('183', '11503070428', '11503070428', '', '11503070428', '', '', '', '115030704', '1234567890', 'm', 0x31323334353637383930);
INSERT INTO `user` VALUES ('184', '11503070429', '11503070429', '', '11503070429', '', '', '', '115030704', '1234567890', 'm', 0x31323334353637383930);
INSERT INTO `user` VALUES ('185', '11503070430', '11503070430', '', '11503070430', '', '', '', '115030704', '1234567890', 'm', 0x31323334353637383930);
INSERT INTO `user` VALUES ('186', '11503070431', '11503070431', '', '11503070431', '', '', '', '115030704', '1234567890', 'm', 0x31323334353637383930);
INSERT INTO `user` VALUES ('187', '11503070432', '11503070432', '', '11503070432', '', '', '', '115030704', '1234567890', 'm', 0x31323334353637383930);
INSERT INTO `user` VALUES ('188', '11503070433', '11503070433', '', '11503070433', '', '', '', '115030704', '1234567890', 'm', 0x31323334353637383930);
INSERT INTO `user` VALUES ('189', '11503070434', '11503070434', '', '11503070434', '', '', '', '115030704', '1234567890', 'm', 0x31323334353637383930);
INSERT INTO `user` VALUES ('190', '11503070435', '11503070435', '', '11503070435', '', '', '', '115030704', '1234567890', 'm', 0x31323334353637383930);
INSERT INTO `user` VALUES ('191', '11503070436', '11503070436', '', '11503070436', '', '', '', '115030704', '1234567890', 'm', 0x31323334353637383930);
INSERT INTO `user` VALUES ('192', '11503070437', '11503070437', '', '11503070437', '', '', '', '115030704', '1234567890', 'm', 0x31323334353637383930);
INSERT INTO `user` VALUES ('193', '11503070438', '11503070438', '', '11503070438', '', '', '', '115030704', '1234567890', 'm', 0x31323334353637383930);
INSERT INTO `user` VALUES ('194', '11503070439', '11503070439', '', '11503070439', '', '', '', '115030704', '1234567890', 'm', 0x31323334353637383930);
INSERT INTO `user` VALUES ('196', '11403070412', '11403070412', '', '11403070412', '', '', '', '115030704', '15923481783', 'm', 0x313531343637383530314071712E636F6D);
INSERT INTO `user` VALUES ('197', '11403070320', '11403070320', '', '11403070320', '', '', '', '115030704', '1234567890', 'm', 0x31323334353637383930);

-- ----------------------------
-- Table structure for userlog
-- ----------------------------
DROP TABLE IF EXISTS `userlog`;
CREATE TABLE `userlog` (
  `userlogid` bigint(20) NOT NULL AUTO_INCREMENT,
  `userid` bigint(20) DEFAULT NULL,
  `time` datetime NOT NULL,
  `useragent` text NOT NULL,
  `ip` varchar(64) DEFAULT NULL,
  PRIMARY KEY (`userlogid`),
  KEY `FKowdimi8shdyiqhkxu218c0rfe` (`userid`),
  CONSTRAINT `FK_Relationship_9` FOREIGN KEY (`userid`) REFERENCES `user` (`userid`),
  CONSTRAINT `FKowdimi8shdyiqhkxu218c0rfe` FOREIGN KEY (`userid`) REFERENCES `user` (`userid`)
) ENGINE=InnoDB AUTO_INCREMENT=14 DEFAULT CHARSET=utf8;

-- ----------------------------
-- Records of userlog
-- ----------------------------
INSERT INTO `userlog` VALUES ('1', '1', '2018-06-27 23:27:31', 'Mozilla/5.0 (Windows NT 10.0; Win64; x64) AppleWebKit/537.36 (KHTML, like Gecko) Chrome/67.0.3396.99 Safari/537.36', '0:0:0:0:0:0:0:1');
INSERT INTO `userlog` VALUES ('2', '1', '2018-06-28 09:04:55', 'Mozilla/5.0 (Windows NT 10.0; Win64; x64) AppleWebKit/537.36 (KHTML, like Gecko) Chrome/67.0.3396.99 Safari/537.36', '0:0:0:0:0:0:0:1');
INSERT INTO `userlog` VALUES ('3', '1', '2018-06-28 10:39:15', 'Mozilla/5.0 (Windows NT 10.0; Win64; x64) AppleWebKit/537.36 (KHTML, like Gecko) Chrome/67.0.3396.99 Safari/537.36', '0:0:0:0:0:0:0:1');
INSERT INTO `userlog` VALUES ('4', '1', '2018-06-28 11:25:59', 'Mozilla/5.0 (Windows NT 10.0; Win64; x64) AppleWebKit/537.36 (KHTML, like Gecko) Chrome/67.0.3396.99 Safari/537.36', '0:0:0:0:0:0:0:1');
INSERT INTO `userlog` VALUES ('5', '1', '2018-06-28 11:27:34', 'Mozilla/5.0 (Windows NT 10.0; Win64; x64) AppleWebKit/537.36 (KHTML, like Gecko) Chrome/67.0.3396.99 Safari/537.36', '0:0:0:0:0:0:0:1');
INSERT INTO `userlog` VALUES ('6', '1', '2018-06-28 11:51:58', 'Mozilla/5.0 (Windows NT 10.0; Win64; x64) AppleWebKit/537.36 (KHTML, like Gecko) Chrome/67.0.3396.99 Safari/537.36', '0:0:0:0:0:0:0:1');
INSERT INTO `userlog` VALUES ('7', '1', '2018-06-28 11:52:57', 'Mozilla/5.0 (Windows NT 10.0; Win64; x64) AppleWebKit/537.36 (KHTML, like Gecko) Chrome/67.0.3396.99 Safari/537.36', '0:0:0:0:0:0:0:1');
INSERT INTO `userlog` VALUES ('8', '1', '2018-06-28 11:55:15', 'Mozilla/5.0 (Windows NT 10.0; Win64; x64) AppleWebKit/537.36 (KHTML, like Gecko) Chrome/67.0.3396.99 Safari/537.36', '0:0:0:0:0:0:0:1');
INSERT INTO `userlog` VALUES ('9', '1', '2018-06-28 12:30:24', 'Mozilla/5.0 (Windows NT 10.0; Win64; x64) AppleWebKit/537.36 (KHTML, like Gecko) Chrome/67.0.3396.99 Safari/537.36', '0:0:0:0:0:0:0:1');
INSERT INTO `userlog` VALUES ('10', '1', '2018-06-28 12:42:24', 'Mozilla/5.0 (Windows NT 10.0; Win64; x64) AppleWebKit/537.36 (KHTML, like Gecko) Chrome/67.0.3396.99 Safari/537.36', '0:0:0:0:0:0:0:1');
INSERT INTO `userlog` VALUES ('11', '1', '2018-06-28 14:07:04', 'Mozilla/5.0 (Windows NT 10.0; Win64; x64) AppleWebKit/537.36 (KHTML, like Gecko) Chrome/67.0.3396.99 Safari/537.36', '0:0:0:0:0:0:0:1');
INSERT INTO `userlog` VALUES ('12', '1', '2018-06-28 15:00:35', 'Mozilla/5.0 (Windows NT 10.0; Win64; x64) AppleWebKit/537.36 (KHTML, like Gecko) Chrome/67.0.3396.99 Safari/537.36', '0:0:0:0:0:0:0:1');
INSERT INTO `userlog` VALUES ('13', '1', '2018-06-28 15:10:13', 'Mozilla/5.0 (Windows NT 10.0; Win64; x64) AppleWebKit/537.36 (KHTML, like Gecko) Chrome/67.0.3396.99 Safari/537.36', '0:0:0:0:0:0:0:1');
